exit_ms,reason,net,entry_ms
1770876959999,SL,-130.85199999999986,1770868800000
1771682400000,TIME,-62.39120862125955,1771560000000
1769090400000,TIME,41.076288455791754,1768968000000
1768440959999,TP,35.88679138753714,1768363200000
1771682819999,SL,-131.12177411979647,1771646400000
1769572619999,TP,59.58937664025796,1769486400000
1771682400000,TIME,82.06549161143525,1771560000000
1773446999999,TP,25.764635078039994,1773374400000
1773842400000,TIME,139.6277735089561,1773720000000
1774188000000,TIME,-2.974532141653892,1774065600000
1772892000000,TIME,73.7648618750338,1772769600000
1773928800000,TIME,100.01856067728141,1773806400000
1774188000000,TIME,58.43789614434942,1774065600000
1775397600000,TIME,-0.9610517756475265,1775275200000
1778044739999,TP,28.931386724289915,1778040000000
1770523319999,TP,97.01400760420174,1770436800000
1772087699999,TP,36.95360751804471,1772078400000
1773304139999,TP,22.705571293274883,1773288000000
1777120199999,TP,224.73401355122462,1777089600000
1771162379999,TP,56.57223103163239,1771041600000
1768538279999,TP,27.026154601964723,1768536000000
1769436000000,TIME,59.59470367536726,1769313600000
1774451819999,TP,33.0183524759845,1774411200000
1776802019999,TP,84.7411486334294,1776744000000
1771159859999,TP,28.592337296464823,1771041600000
1771593839999,TP,25.143302065854293,1771560000000
1772945699999,TP,39.0797457631471,1772856000000
1778684879999,TP,96.15733747706985,1778644800000
1775388719999,TP,2.259932865825668,1775275200000
1768389659999,SL,-135.82261497490873,1768363200000
1775030339999,SL,-130.85199999999995,1775016000000
1767708000000,TIME,-33.244704909554905,1767585600000
1771768800000,TIME,48.86396092114506,1771646400000
1773830759999,TP,36.49359777346959,1773806400000
1775480279999,TP,34.78116756614278,1775361600000
1776911339999,TP,37.53417545147794,1776830400000
1774792800000,TIME,-29.268136739518958,1774670400000
1775892479999,TP,26.774807403701786,1775880000000
1770139019999,TP,93.13111566312219,1770091200000
1771508279999,TP,160.24328149348395,1771387200000
1771792679999,TP,60.117071949139856,1771732800000
1770991979999,SL,-132.60763241732178,1770955200000
1778421600000,TIME,28.673502562451446,1778299200000
1767448800000,TIME,15.01279248555271,1767326400000
1773403919999,SL,-131.02006529390815,1773374400000
1775205599999,SL,-130.75207802570566,1775188800000
1775569199999,SL,-130.6966609069033,1775534400000
1779890400000,TIME,-9.906789680240648,1779768000000
1768091819999,TP,30.57812746293509,1768017600000
1774965600000,TIME,-41.60478789458119,1774843200000
1780236000000,TIME,21.50416377753376,1780113600000
1777077119999,TP,43.21662220964796,1777003200000
1770645600000,TIME,9.069760845307897,1770523200000
1773496800000,TIME,51.60727683250724,1773374400000
1773792659999,TP,69.87009450928188,1773720000000
1771755899999,SL,-131.83147792170536,1771732800000
1773743219999,TP,69.37226275147572,1773720000000
1774137839999,TP,37.831774623328265,1774065600000
1775526179999,TP,33.52235920585798,1775448000000
1777816800000,TIME,-29.53011971082246,1777694400000
1767535200000,TIME,47.915029866773764,1767412800000
1769398559999,TP,278.3980249804965,1769313600000
1769386919999,TP,216.95669153808188,1769313600000
1770290279999,TP,113.07552486754918,1770177600000
1773651899999,SL,-152.6923161693327,1773633600000
1775052000000,TIME,55.51819529107101,1774929600000
1769608800000,TIME,25.935479070939223,1769486400000
1774518359999,TP,22.680299747921964,1774497600000
1779804000000,TIME,29.176317219074782,1779681600000
1767340379999,SL,-130.8519999999998,1767326400000
1772114400000,TIME,87.98416783544232,1771992000000
1772805600000,TIME,-4.803709369692707,1772683200000
1768226400000,TIME,97.06520192630988,1768104000000
1770681779999,TP,59.68725150755458,1770609600000
1773324000000,TIME,97.94100479485041,1773201600000
1772192639999,TP,26.80315857993921,1772164800000
1780041239999,SL,-130.85199999999998,1780027200000
1772455019999,TP,30.369524087819663,1772424000000
1774207919999,TP,46.0344862273416,1774152000000
1776175200000,TIME,-41.21128764101741,1776052800000
1769841779999,TP,63.39068798433918,1769745600000
1770559200000,TIME,-59.11659548703938,1770436800000
1775829600000,TIME,84.08241160763032,1775707200000
1776189179999,SL,-131.04912227873257,1776139200000
1776637319999,TP,36.08564325836808,1776571200000
1776250259999,TP,99.22485247399541,1776225600000
1767535200000,TIME,9.444487546428178,1767412800000
1772978400000,TIME,-82.64877968968273,1772856000000
1777816800000,TIME,-34.38480256575652,1777694400000
1772546400000,TIME,95.13167922912785,1772424000000
1767362400000,TIME,-29.313309047956146,1767240000000
1771895879999,TP,53.508086659348706,1771819200000
1769296619999,SL,-161.7834609207926,1769227200000
1771077600000,TIME,17.792820465228736,1770955200000
1771910399999,TP,25.42630138281835,1771905600000
1771222919999,TP,34.175128364138644,1771214400000
1772632800000,TIME,3.9144021077006377,1772510400000
1768415639999,TP,31.215457817600853,1768363200000
1771157399999,TP,35.70446366483558,1771128000000
1770790439999,TP,45.7498597168735,1770696000000
1775138400000,TIME,35.616829239431176,1775016000000
1775916000000,TIME,29.726104701012666,1775793600000
1777989600000,TIME,-22.4761664921896,1777867200000
1768491899999,TP,28.927033085153983,1768449600000
1776561779999,TP,41.53982562381059,1776484800000
1775514239999,TP,25.98208843810288,1775448000000
1768510079999,TP,64.80897820580944,1768449600000
1768399200000,TIME,50.35727081913057,1768276800000
1779631200000,TIME,19.698806625535127,1779508800000
1772114400000,TIME,18.56591194810924,1771992000000
1769608800000,TIME,92.93374389698866,1769486400000
1767794400000,TIME,16.954349290029594,1767672000000
1769517779999,TP,52.94285998347587,1769486400000
1779285600000,TIME,48.06935946368237,1779163200000
1767708000000,TIME,-7.7957772025641,1767585600000
1771315859999,SL,-167.72694632722815,1771300800000
1778248800000,TIME,43.152179983213095,1778126400000
1774274400000,TIME,-44.1397231938076,1774152000000
1775570400000,TIME,73.60315476924413,1775448000000
1776261600000,TIME,-42.929811151455816,1776139200000
1777969739999,TP,31.983909862683443,1777953600000
1775397600000,TIME,42.387536022716404,1775275200000
1778852459999,TP,106.92495883212887,1778817600000
1778043659999,TP,101.4342734739276,1777953600000
1779862259999,TP,43.0402835183827,1779854400000
1767721799999,TP,37.26190676318783,1767672000000
1772228999999,TP,110.45027355094447,1772164800000
1777077599999,TP,59.273711434024975,1777003200000
1773792359999,TP,87.57183006646284,1773720000000
1777117319999,TP,33.93658094278591,1777089600000
1768780919999,TP,114.68016999155354,1768708800000
1769669279999,TP,46.28576393737779,1769659200000
1772114400000,TIME,21.448046915102616,1771992000000
1767708000000,TIME,17.220743970280214,1767585600000
1772373600000,TIME,138.64919730872498,1772251200000
1772395979999,TP,32.22382396841414,1772337600000
1769584679999,SL,-133.18828454840724,1769572800000
1777207499999,TP,127.17648559924889,1777176000000
1771449839999,TP,109.51149690573027,1771387200000
1773837119999,TP,28.68035022432457,1773720000000
1778467199999,SL,-143.95778570375077,1778385600000
1767587459999,TP,64.23346520568178,1767499200000
1771468619999,TP,148.3069658332463,1771387200000
1772028000000,TIME,-40.99002911113625,1771905600000
1772460000000,TIME,13.502480454820564,1772337600000
1773064800000,TIME,-31.494600014679307,1772942400000
1773583200000,TIME,4.600685329196121,1773460800000
1774780439999,TP,43.41246125049801,1774756800000
1779523019999,TP,32.25934260488187,1779508800000
1771336800000,TIME,54.98094772980164,1771214400000
1769356499999,TP,31.874892229643713,1769313600000
1771336800000,TIME,10.779967790586856,1771214400000
1774575599999,TP,71.31935887637549,1774497600000
1779717600000,TIME,20.660009515086706,1779595200000
1775392319999,TP,37.9705991573488,1775361600000
1768005419999,TP,41.11864016586012,1767931200000
1769476379999,TP,267.92770112922886,1769400000000
1771504019999,TP,38.4726183956251,1771387200000
1775286299999,SL,-130.85199999999983,1775275200000
1768447679999,TP,25.708334269905507,1768363200000
1774879200000,TIME,44.364360288659846,1774756800000
1770991200000,TIME,71.04024409544648,1770868800000
1771804919999,TP,93.16991070088724,1771732800000
1775135759999,TP,29.003602741905297,1775102400000
1780124759999,SL,-134.73944387008314,1780113600000
1768017659999,TP,82.5899206783555,1767931200000
1773833519999,TP,47.18629312736513,1773806400000
1773237600000,TIME,-21.414821291126092,1773115200000
1774007999999,SL,-158.65838323868456,1773979200000
1769086799999,TP,37.78246395528881,1769054400000
1771768800000,TIME,78.2696687599836,1771646400000
1773580259999,TP,48.170265962069955,1773547200000
1775002439999,TP,25.538101677379974,1774929600000
1775392859999,TP,80.60779143659106,1775361600000
1776520800000,TIME,67.74070382996538,1776398400000
1768312800000,TIME,1.1154842998091485,1768190400000
1773834059999,TP,27.404597136384638,1773806400000
1769938619999,SL,-135.08502135530503,1769918400000
1767535200000,TIME,16.49500866222598,1767412800000
1770002339999,TP,254.6695518276639,1769918400000
1770040800000,TIME,315.6809248721054,1769918400000
