entry_ms,exit_ms,reason,net
1771547940000,1771548899999,TP,27.655575093934058
1776041460000,1776041939999,TP,25.145906783692816
1777249260000,1777249679999,TP,30.82680295391068
1770338700000,1770346800000,TIME,8.8792410938841
1773362220000,1773370800000,TIME,5.199326594865052
1767229020000,1767230639999,SL,-80.8320000000001
1767312720000,1767318959999,TP,31.130334328922793
1767486060000,1767495600000,TIME,-4.06822324369716
1767831840000,1767838079999,SL,-80.83200000000004
1768954980000,1768964400000,TIME,-3.8315059261030417
1769214180000,1769215379999,TP,32.689516649964446
1769905380000,1769905559999,TP,34.74412202946893
1770425520000,1770426359999,TP,25.724581263938024
1770509820000,1770519600000,TIME,18.084085205815004
1771030260000,1771031219999,TP,28.970138882034075
1767574080000,1767582000000,TIME,-41.822435145220965
1768695360000,1768696919999,TP,36.011377862844526
1769302080000,1769310000000,TIME,-17.619289915750862
1771892880000,1771894319999,TP,25.324597627280664
1772930160000,1772933039999,SL,-80.83200000000006
1768091280000,1768092359999,TP,25.713795677628887
1771547940000,1771556400000,TIME,-3.507349016740589
1772929320000,1772938800000,TIME,-21.759064883712426
1773189060000,1773194519999,TP,25.249791943258558
1773361740000,1773370800000,TIME,19.395058133818676
1773881700000,1773889200000,TIME,9.91567315650549
1774657200000,1774661999999,TP,25.804775280202076
1778112900000,1778114039999,TP,33.46127394524337
1778201100000,1778209200000,TIME,22.32169280322942
1778287620000,1778295600000,TIME,25.955389675934068
1779323400000,1779330719999,TP,28.08591428886354
1775178000000,1775185200000,TIME,-4.519635926560427
1769302740000,1769310000000,TIME,8.843589906155195
1769992320000,1769994539999,TP,25.98995115910404
1779584400000,1779591600000,TIME,17.01101805296042
1769386740000,1769387579999,TP,28.025932966483253
1769991660000,1769991959999,TP,51.41885789267569
1770079440000,1770083399999,TP,30.06819717750208
1770511560000,1770511799999,TP,29.36941629613098
1772238420000,1772247600000,TIME,19.416030252194332
1773706380000,1773707519999,SL,-80.83199999999998
1773879420000,1773880199999,TP,31.896669764815677
1774052040000,1774062000000,TIME,-18.165593251439546
1770165540000,1770165959999,TP,25.423715977095352
1772756640000,1772766000000,TIME,-5.412231656770032
1773792900000,1773799199999,SL,-80.83200000000005
1774052460000,1774062000000,TIME,-26.600751955824062
1774139760000,1774140119999,TP,31.06850486798101
1774830600000,1774834259999,TP,32.368525653516244
1778026620000,1778036400000,TIME,-61.05426423257267
1777336800000,1777340039999,TP,26.6288714370942
1777769700000,1777774919999,TP,25.332529917519935
1770423420000,1770426059999,TP,29.66664458594353
1776558240000,1776560519999,TP,48.85759871126113
1777076400000,1777077239999,SL,-80.83200000000004
1777250280000,1777258800000,TIME,17.40791795051273
1777422000000,1777423259999,TP,25.622019336516626
1777594620000,1777594799999,TP,25.151886852517325
1777768260000,1777770179999,TP,25.39943080951335
1770510000000,1770510659999,TP,31.414323484520622
1778893200000,1778900400000,TIME,13.570233325872785
1771028700000,1771033139999,SL,-80.83200000000002
1772238060000,1772241539999,TP,26.495590361411097
1772499540000,1772501819999,TP,27.952227756502765
1774486680000,1774494000000,TIME,28.995772304756912
1774571700000,1774580400000,TIME,-7.5984846107263415
1779411120000,1779411719999,TP,25.578658791426054
1769560020000,1769560739999,TP,25.776782186177694
1769646000000,1769646119999,TP,25.676792470067053
1770080340000,1770081239999,SL,-80.83200000000011
1770165060000,1770174000000,TIME,1.3481589851530487
1770423060000,1770423179999,TP,28.628399945283647
1767315000000,1767322800000,TIME,-6.262725681972189
1769300100000,1769303399999,SL,-80.83200000000002
1769561400000,1769569200000,TIME,-12.748691644857661
1773016500000,1773025200000,TIME,-17.529710404940698
1773277080000,1773281639999,TP,26.689168862506104
1778288040000,1778295600000,TIME,-16.287712753302444
1770425220000,1770425519999,TP,29.254672961954913
1771030320000,1771036079999,TP,24.615446978147613
1770077880000,1770078959999,TP,32.37237819531852
1770165960000,1770174000000,TIME,-15.41511208776593
1774399440000,1774407600000,TIME,-20.391500898774684
1776731520000,1776740400000,TIME,6.194316319836615
1776905580000,1776910919999,TP,27.372118962707262
1777769580000,1777771199999,TP,26.541662832959155
1768349640000,1768359600000,TIME,25.541103657630945
1768610580000,1768618800000,TIME,-7.028198215438799
1768697040000,1768705200000,TIME,22.11453229482822
1768782720000,1768791600000,TIME,-26.543605415786864
1769042520000,1769050800000,TIME,-29.56947552639392
1769128680000,1769137200000,TIME,-4.888565804178565
1769473920000,1769482800000,TIME,-24.365489504659077
1770683460000,1770688139999,TP,41.12719809364302
1771028580000,1771030199999,TP,25.99303900470934
1780186800000,1780189859999,TP,30.636688786871492
1771633620000,1771637579999,SL,-83.88175404732941
1771720500000,1771720679999,TP,26.031132884007757
1772151600000,1772153819999,TP,25.352691259493596
1772411880000,1772420400000,TIME,6.750388137889316
1772843640000,1772844179999,TP,27.598281657743737
1778631600000,1778641200000,TIME,-10.944298906102409
1779842100000,1779843899999,TP,26.733349988603763
1768523520000,1768530959999,TP,25.053938914076344
1768781580000,1768782059999,TP,31.03322312720553
1770338640000,1770346800000,TIME,-35.547850089348856
1775261940000,1775262599999,SL,-80.83200000000001
1767401700000,1767409200000,TIME,2.553638387809113
1773362100000,1773370800000,TIME,15.56063914782966
1768350780000,1768352039999,SL,-80.83200000000012
1768696800000,1768700459999,SL,-80.8320000000001
1768782240000,1768784579999,SL,-80.83200000000006
1771548000000,1771556400000,TIME,-8.363601696664166
1767573540000,1767574439999,TP,28.789612640880872
1768698000000,1768705200000,TIME,-5.326959958852443
1769128920000,1769137200000,TIME,-29.304482137511645
1775523180000,1775523839999,TP,25.388346079654706
1776385140000,1776392879999,TP,27.07696603018483
1771807500000,1771808459999,TP,26.430921577041925
1772844600000,1772850719999,TP,27.89093997046104
1776300660000,1776305459999,SL,-80.83200000000002
1776385560000,1776390119999,TP,43.575522848772096
1776731760000,1776740400000,TIME,6.427831493453207
1776905760000,1776908819999,SL,-80.83200000000016
1777251000000,1777258800000,TIME,9.031944161708655
1778114400000,1778116379999,TP,32.5367969284099
1779065820000,1779073200000,TIME,-37.55568879563672
1770684120000,1770685859999,TP,28.590182827569606
1772326320000,1772327219999,TP,25.887557128405057
1776818520000,1776826800000,TIME,6.129866121011217
1775781420000,1775782379999,TP,27.33414709999334
1767831840000,1767834479999,TP,35.70294260532332
1768524840000,1768532400000,TIME,4.519079988084991
1769215020000,1769218799999,TP,32.23167391524955
1769907240000,1769914800000,TIME,-20.367543939433755
1770856860000,1770862319999,TP,25.63054190225065
1772843400000,1772849099999,TP,24.502690323263717
1767574380000,1767574979999,SL,-80.83200000000015
1773188520000,1773198000000,TIME,7.454191051163563
1773706560000,1773712559999,TP,30.78090677278747
1780101480000,1780110000000,TIME,12.204706549078885
1768695900000,1768705200000,TIME,13.080056986535373
1769388780000,1769396400000,TIME,-10.085499419823643
1770684600000,1770692400000,TIME,10.638862288287008
1771806120000,1771808579999,TP,28.44664112275915
1773794340000,1773800519999,TP,28.19057923013567
1775520960000,1775522759999,TP,28.823113745824926
1776386100000,1776394800000,TIME,-50.78529835602962
1776471180000,1776473579999,TP,30.416587014086264
1777250220000,1777251119999,TP,25.890435563286836
1768695840000,1768705200000,TIME,5.251218567030079
1773966060000,1773970319999,TP,25.297255767870496
1774657680000,1774661519999,SL,-80.83200000000002
1775521980000,1775523239999,TP,27.68699032443045
1776472740000,1776473759999,TP,29.98488710108481
1778287560000,1778289419999,SL,-80.83200000000005
1776905040000,1776906539999,SL,-80.8320000000001
1777336980000,1777345200000,TIME,-4.559580616754276
1777682520000,1777690800000,TIME,14.01307075556118
1780186320000,1780194599999,TP,32.12953769100431
1777077600000,1777086000000,TIME,-20.14001404450083
1768783200000,1768791600000,TIME,-22.191807482688525
1769042340000,1769050800000,TIME,-23.849057272331837
1776646800000,1776654000000,TIME,-23.958950353120812
1776387000000,1776394800000,TIME,3.2155098212851927
1777251540000,1777251959999,TP,28.12384714096192
1775177760000,1775180519999,TP,57.010964288114295
1770510900000,1770519600000,TIME,-17.03133239623588
1769301600000,1769302859999,TP,25.578983233410963
1769387160000,1769388299999,TP,25.40668070774095
1770078360000,1770078839999,TP,27.344750996670182
1771373700000,1771377359999,SL,-80.83200000000011
1771719240000,1771729200000,TIME,-14.136540095695313
1777076880000,1777086000000,TIME,-42.24695196498323
1768956420000,1768964400000,TIME,-19.247803148307355
1769993640000,1769994719999,TP,27.464539662381455
1770943620000,1770948539999,SL,-80.83200000000002
1771028340000,1771038000000,TIME,13.924406038635823
1773448500000,1773448919999,TP,25.442121343141874
1778287260000,1778287739999,SL,-80.83200000000005
1767313140000,1767313619999,TP,30.57410371525308
1768869480000,1768871519999,TP,33.472462839349205
1769214900000,1769216459999,TP,27.62925736866572
1771633140000,1771633259999,TP,26.302627307040176
1772671620000,1772675459999,TP,24.992154899897024
1773361320000,1773370800000,TIME,-4.104484513041733
1773447480000,1773448619999,SL,-80.83200000000008
1773535080000,1773535439999,TP,32.142390047627636
1776212700000,1776222000000,TIME,11.705470076078614
1777163400000,1777163519999,TP,25.895139483141232
1777510740000,1777518000000,TIME,17.339954139691127
1773966240000,1773967439999,TP,27.6208159539315
1774918500000,1774922219999,TP,25.15512671751743
1775609160000,1775613179999,TP,27.281680080961458
1775695320000,1775700359999,TP,25.47304689672938
1776386340000,1776394800000,TIME,-30.048568154066878
1777251540000,1777258800000,TIME,-44.04074410740212
1769129700000,1769133539999,SL,-81.94069715882235
1769213820000,1769218559999,TP,48.17268936939353
1769475480000,1769475839999,SL,-80.832
1769559720000,1769569200000,TIME,-5.055372014899235
1769733000000,1769742000000,TIME,-30.391932582993498
1769819100000,1769828400000,TIME,-19.60462886518446
1770596640000,1770596999999,TP,25.388762362178806
1774831200000,1774831559999,TP,27.009216144024798
1775780940000,1775781539999,TP,25.835067698737813
1776992160000,1776999600000,TIME,-39.00266328520525
1771029660000,1771038000000,TIME,25.626830713901203
1780101420000,1780110000000,TIME,11.535931421939699
1768956480000,1768964400000,TIME,14.50221100640593
1769128080000,1769130719999,TP,32.25690045141614
1769214060000,1769218379999,SL,-80.83200000000011
1769300940000,1769310000000,TIME,50.576174179991426
1769387220000,1769389319999,TP,60.65510779600125
1769559420000,1769559959999,TP,25.559820385512822
1769732040000,1769732279999,TP,25.920380190094995
1770250980000,1770260400000,TIME,-20.080626692939074
1770423180000,1770424019999,TP,26.57015044263363
1770596100000,1770601139999,TP,27.074045682635283
1770683580000,1770692400000,TIME,2.9698388668018887
1771028040000,1771028159999,TP,29.450945789200183
1771375380000,1771375919999,TP,33.73104007319932
1772151480000,1772158559999,TP,13.47945492162648
1773104100000,1773111600000,TIME,5.75114253959565
1773793440000,1773802800000,TIME,-55.26187455708121
1777337280000,1777338479999,TP,36.01805023093668
1777594800000,1777596179999,TP,27.25678074903111
1778374080000,1778376659999,TP,25.595845089295814
1769301240000,1769301959999,TP,26.998004716644132
1777163400000,1777163879999,SL,-80.83199999999998
1772326260000,1772334000000,TIME,-17.42101912810236
1772844780000,1772852400000,TIME,-8.496937332789736
1773361860000,1773370800000,TIME,16.535977290710555
1769302200000,1769303639999,TP,27.29904884051709
1769389200000,1769389319999,TP,44.96497226563999
1769734560000,1769737379999,TP,25.450000393782968
1769991420000,1769991599999,SL,-80.8320000000001
1770077820000,1770077879999,TP,28.676375068793455
1770338340000,1770346800000,TIME,13.83693894373437
1773707520000,1773715379999,SL,-80.83200000000011
1775523060000,1775524319999,TP,25.84960530685522
1768092540000,1768100400000,TIME,-3.968434866784053
1769994000000,1769994839999,TP,25.78813776556516
1770166500000,1770174000000,TIME,14.069161363566279
1770684540000,1770684899999,TP,27.54262144771022
1770856380000,1770865200000,TIME,-3.952798010670601
1771720980000,1771729200000,TIME,26.165544616184402
1771805940000,1771807319999,TP,28.55532334974817
1771893360000,1771895699999,TP,26.853474245747403
1772240160000,1772247600000,TIME,14.522103616778558
1773707460000,1773716400000,TIME,-53.16312809870261
1774052220000,1774062000000,TIME,4.690111706315056
1774313580000,1774321200000,TIME,-37.259540392907056
1774832400000,1774839600000,TIME,-36.00472192660985
1774916400000,1774926000000,TIME,6.34210989761169
1775435340000,1775444400000,TIME,-13.436225198313355
1776471840000,1776474419999,TP,31.174238430123552
1778373480000,1778376299999,TP,25.63282553596442
1767400020000,1767409200000,TIME,-35.41347025634404
1769299980000,1769300579999,SL,-80.83200000000006
1769560140000,1769569200000,TIME,8.30065537139805
1777163820000,1777164839999,SL,-80.83200000000002
1769299980000,1769300459999,TP,37.04413578986817
1770164520000,1770167039999,SL,-80.83199999999998
1770250800000,1770250919999,TP,26.51016556960944
1770683460000,1770685619999,TP,26.927874602643904
1770769860000,1770770879999,TP,25.174512479230412
1773620220000,1773620279999,SL,-80.83200000000005
1773880020000,1773880139999,TP,33.26741106735457
1774917420000,1774920179999,SL,-80.83200000000006
1775002680000,1775012400000,TIME,-1.29654341146913
1769472780000,1769482800000,TIME,19.829752284094997
1774399860000,1774400939999,TP,27.89193026322523
1774830180000,1774839600000,TIME,-6.9231556954946765
1768782780000,1768783679999,TP,25.76146727536187
1768956060000,1768964400000,TIME,-17.86402580875045
1767919020000,1767919919999,TP,30.385198313442434
1768264080000,1768273200000,TIME,5.38386614251708
1778632980000,1778641200000,TIME,5.791981913703891
1771030680000,1771038000000,TIME,4.376415947733037
1780101480000,1780110000000,TIME,24.828040764568538
1774484340000,1774484459999,TP,28.117880402724236
1779496560000,1779505200000,TIME,20.538166338826635
1780186860000,1780196400000,TIME,-26.469231553193108
1767312660000,1767313259999,TP,67.72645645337883
1768696320000,1768697339999,TP,28.655317666406987
1768956960000,1768962659999,TP,24.79646391754691
1770166260000,1770174000000,TIME,6.39386960255933
1771980120000,1771980539999,TP,28.901042851677676
1772237820000,1772242439999,TP,32.62109504061893
1772670240000,1772679600000,TIME,-0.35378932240677213
1772842440000,1772845919999,TP,28.73476852685513
1768092360000,1768094999999,SL,-80.83200000000005
1768437720000,1768441919999,TP,27.98860656847763
1775867520000,1775867579999,TP,32.73169438249169
1777078560000,1777086000000,TIME,-5.855155107918305
1777424400000,1777431600000,TIME,-18.38808028484082
1777939980000,1777940339999,TP,25.76762369094359
1773190140000,1773195779999,SL,-80.8320000000001
1774484520000,1774484699999,TP,29.4859078358077
1768092120000,1768092359999,TP,26.22952210512159
1772151840000,1772161200000,TIME,4.261634730879114
1776040560000,1776049200000,TIME,21.14595794689287
1776733140000,1776740400000,TIME,2.418062115620069
1780100040000,1780100339999,TP,26.645658958511582
1780188600000,1780188899999,TP,28.072288695808027
1769129580000,1769137200000,TIME,19.110023225069767
1774141080000,1774148400000,TIME,-9.807180712127106
1768092960000,1768097219999,TP,41.0815851653424
1769214600000,1769215739999,TP,35.85416700235037
1769733420000,1769736479999,SL,-80.832
1769993160000,1769994539999,TP,27.45409719874962
1774744320000,1774745399999,TP,24.933107207151213
1775609280000,1775610299999,TP,24.860041325010393
1775694300000,1775694959999,TP,25.82275027521497
1776127800000,1776128339999,TP,24.85601628315316
1776473520000,1776480419999,TP,26.654917867548857
1776646500000,1776654000000,TIME,16.779633988773643
1777163040000,1777172400000,TIME,-4.946191941319209
1777336080000,1777345200000,TIME,-0.2870668894535363
1779755400000,1779756539999,TP,34.534200300725296
1780015560000,1780020719999,TP,31.39629175882867
1779151560000,1779153479999,TP,26.952380498859217
1780102680000,1780105859999,TP,32.932132494818795
1776214500000,1776215039999,TP,25.978120899240693
1778978220000,1778980919999,TP,28.36862754737775
1779236340000,1779245219999,TP,33.483273455671814
1775955060000,1775962800000,TIME,-17.275086549897168
1771461300000,1771461959999,TP,26.98439909517957
1774312380000,1774321200000,TIME,23.643573363784714
1776817800000,1776820739999,TP,27.702416652708713
1773361980000,1773370800000,TIME,13.660158582854462
1767400380000,1767409200000,TIME,2.9243397301589185
1769129160000,1769130539999,SL,-80.83200000000008
1769991600000,1770001200000,TIME,-13.336511481193089
1774657080000,1774661039999,TP,25.55056553069922
1775003460000,1775003639999,TP,25.465009965594366
1775262840000,1775271600000,TIME,-10.67266922497795
1776990900000,1776991559999,TP,79.8514962304304
1777162500000,1777163159999,TP,36.00533377800007
1777251300000,1777258800000,TIME,-6.762424317030526
1777681560000,1777690800000,TIME,-0.8123506965723855
1772583720000,1772593200000,TIME,-56.74502065191867
1772842680000,1772852400000,TIME,-6.70972839360851
1777681680000,1777685279999,TP,25.244018479828103
1777767600000,1777767899999,TP,27.674699551610757
1769301480000,1769304179999,TP,39.73204855773128
1769907480000,1769908679999,TP,25.644019108791216
1769991720000,1770001200000,TIME,26.454394666212874
1770424920000,1770425039999,TP,26.056789872518415
1773275580000,1773284400000,TIME,15.365972128921612
1773709080000,1773716400000,TIME,22.670372690131867
1773966660000,1773975600000,TIME,-16.14669103185778
1775177880000,1775185200000,TIME,-13.400475416248295
1775263680000,1775268599999,SL,-80.83200000000008
1776905580000,1776913200000,TIME,3.885476450119718
1769646780000,1769655059999,SL,-80.83200000000006
1770166380000,1770174000000,TIME,-14.52883317427456
1771720920000,1771722779999,TP,52.06944885338014
1771807200000,1771809299999,TP,36.74107337034999
1773449760000,1773451619999,TP,25.54390271734973
1774572240000,1774580400000,TIME,13.758992413204385
1777855200000,1777863600000,TIME,-13.687555700927529
1772410500000,1772411819999,SL,-80.83200000000008
1772497200000,1772497379999,TP,29.23488389184628
1772585700000,1772593200000,TIME,4.591020190946501
1774830960000,1774831919999,TP,30.593334478252036
1778373660000,1778382000000,TIME,-7.512312429979138
1770512220000,1770514019999,TP,25.225083947712967
1770770340000,1770773399999,TP,25.24962015012544
1771806240000,1771808579999,TP,33.0094365826982
1771893660000,1771894979999,TP,25.552491718045395
1773103440000,1773111600000,TIME,0.8946605200313378
1777682880000,1777690800000,TIME,15.929285464261897
1769388600000,1769396400000,TIME,-15.09692917737689
1771030260000,1771038000000,TIME,3.4530392163554504
1776386400000,1776394800000,TIME,-20.000019350038357
1778374380000,1778376299999,SL,-80.83200000000008
1769387640000,1769388839999,TP,25.42145734128982
1769993220000,1769994659999,TP,32.927747982146315
1770856560000,1770865200000,TIME,-7.032099183920387
1773361920000,1773370800000,TIME,13.06556597747761
1769213820000,1769213939999,TP,26.255256024959085
1769301480000,1769302859999,TP,70.24248409919248
1770942480000,1770942719999,TP,24.66238465182636
1775866860000,1775868299999,TP,44.16528817674949
1769991780000,1770001200000,TIME,26.659270547368934
1770511080000,1770517979999,SL,-80.83200000000004
1771200660000,1771200779999,TP,34.3616717367108
1772498520000,1772506800000,TIME,-5.52358037754929
1768696620000,1768696919999,TP,25.13953342868608
1772671020000,1772671499999,TP,44.63925442865843
1772928960000,1772938800000,TIME,8.906256054307649
1778286600000,1778295600000,TIME,13.264422830884607
1768436640000,1768446000000,TIME,-2.627479815020931
1773621360000,1773630000000,TIME,-22.663419209604733
1767400500000,1767409200000,TIME,1.150182753459303
1773449640000,1773457200000,TIME,-9.445182133051095
1767315480000,1767322800000,TIME,6.120530535538166
1769302740000,1769306879999,SL,-80.83200000000011
1769388060000,1769396400000,TIME,0.44943865191015286
1769561340000,1769569200000,TIME,2.1983044237775085
1769907600000,1769914800000,TIME,-13.126829578785564
1777163820000,1777172400000,TIME,-29.64274284520179
1769214840000,1769215619999,TP,25.313986148003597
1767573900000,1767582000000,TIME,8.376837380245744
1768435980000,1768436099999,TP,34.06849781326315
1768696380000,1768698779999,TP,25.83092027026185
1769388660000,1769396400000,TIME,-13.898360992576917
1771893420000,1771902000000,TIME,16.395360611862873
1773707400000,1773716400000,TIME,-12.460772277184141
1775955240000,1775955539999,TP,30.968361114864106
1776472740000,1776481200000,TIME,-35.062979829137085
1769907540000,1769908019999,TP,26.48154994694812
1773448440000,1773457200000,TIME,-16.736174421218987
1776301020000,1776306659999,SL,-80.83200000000002
1777509540000,1777516439999,TP,28.154210602934878
1768436280000,1768436579999,TP,25.015351888680602
1770164580000,1770174000000,TIME,11.43014202457983
1779495300000,1779505200000,TIME,6.1015687768126625
1769301960000,1769306399999,TP,26.61816056344827
1769647860000,1769655600000,TIME,12.329874250389722
1771980060000,1771988400000,TIME,-26.21079160269775
1777164240000,1777172400000,TIME,-2.644845345860891
1769993220000,1770001200000,TIME,7.33555741601382
1769389020000,1769396400000,TIME,2.0295947973988495
1778287680000,1778294519999,TP,42.52056736824461
1778459640000,1778460119999,TP,29.61335925157648
1769473020000,1769473259999,TP,38.01337498408543
1774399500000,1774400939999,TP,24.763863166296673
1774829880000,1774830659999,SL,-80.8320000000001
1775261640000,1775262059999,TP,35.52106317787902
1775521680000,1775522039999,TP,28.82233293523883
1775781180000,1775790000000,TIME,16.915825948788846
1777942500000,1777950000000,TIME,-6.158836585640918
1769473080000,1769477279999,TP,29.40926823217114
1771894260000,1771902000000,TIME,17.59669568440408
1771980600000,1771988400000,TIME,5.420740658791011
1772066760000,1772070899999,TP,23.041111342188053
1774398840000,1774399379999,SL,-80.83200000000008
1774484040000,1774484819999,TP,25.576236958604618
1774829700000,1774829999999,SL,-80.83200000000012
1775176500000,1775180939999,TP,26.61739414161723
1775521380000,1775521919999,TP,38.67187411887776
1776301020000,1776308400000,TIME,18.106745744578262
1777164840000,1777165199999,TP,26.16388488286151
1777422300000,1777431600000,TIME,-19.123624896732323
1767572280000,1767582000000,TIME,-12.173977506681748
1769301180000,1769310000000,TIME,25.695492741942402
1769388600000,1769394899999,TP,26.71454622889995
1771287840000,1771289519999,SL,-80.83200000000004
1771375320000,1771383600000,TIME,32.339315136116184
1771461180000,1771462859999,TP,23.29930115422695
1777164540000,1777164899999,TP,29.482322799003693
1778113920000,1778116259999,TP,32.49596647266238
1780100520000,1780110000000,TIME,17.804840070637777
1767574440000,1767582000000,TIME,-18.47547603589023
1771980120000,1771988400000,TIME,-16.554504876747636
1774138320000,1774139039999,TP,26.981878433650863
1775434560000,1775436779999,SL,-80.83200000000002
1775521500000,1775521619999,TP,25.063916757202808
1775696400000,1775696819999,TP,25.400790217594036
1775780640000,1775782019999,TP,26.61658335384381
1776558420000,1776561119999,TP,25.542442118630685
1777163940000,1777168559999,TP,28.02936418945892
1778976840000,1778977019999,TP,34.31219319185136
1778028960000,1778029739999,TP,43.147513601158565
1780188840000,1780196400000,TIME,10.512890007390777
1776903660000,1776905099999,TP,30.084322125625103
1777249980000,1777251119999,TP,29.935034221249644
1777769880000,1777770179999,SL,-80.83200000000012
1778720400000,1778721359999,TP,28.39389877136658
1769302080000,1769305019999,TP,25.829171395513693
1772757780000,1772766000000,TIME,-38.99858785697825
1773708480000,1773716400000,TIME,-23.336403685713602
1776040200000,1776040679999,TP,34.71509844058514
1776386640000,1776394800000,TIME,-30.18068305407742
1776991680000,1776994379999,TP,27.704214964625177
1767486360000,1767488939999,TP,25.68063264755088
1768090980000,1768099979999,TP,28.80893017014441
1769473200000,1769477759999,TP,27.93661748721403
1775261820000,1775262599999,TP,39.640624491521706
1775609040000,1775610299999,TP,36.90904714565555
1778804460000,1778805779999,SL,-80.83200000000004
1778892360000,1778897219999,TP,31.517685061134415
1772929560000,1772938679999,TP,26.565262705460942
1777164000000,1777172400000,TIME,-7.065098635229162
1777422900000,1777423559999,TP,27.97296560689109
1777681620000,1777681859999,TP,25.721912124893684
1777941360000,1777941899999,SL,-80.83200000000004
1778373540000,1778382000000,TIME,20.57298561264394
1778890740000,1778892479999,TP,26.59353853679119
1780013880000,1780018859999,TP,30.374630641591907
1777163700000,1777163819999,TP,39.66503390190998
1779582660000,1779586379999,TP,27.057184346363123
1768523160000,1768529279999,TP,27.642302020575492
1771894620000,1771902000000,TIME,-39.12818337189146
1780186620000,1780191059999,SL,-80.83200000000008
1769473440000,1769477879999,TP,25.52673336668353
1774830360000,1774839600000,TIME,15.130998832749903
1769301000000,1769310000000,TIME,10.27355614796896
1772153160000,1772154719999,TP,26.604843176305074
1775522460000,1775522999999,TP,32.769562227922556
1775608020000,1775608379999,TP,28.93939645031993
1775868180000,1775868419999,SL,-80.83200000000006
1775954040000,1775955299999,TP,29.34315572880797
1768611180000,1768616579999,TP,26.681700385076333
1768436520000,1768436579999,SL,-80.83200000000005
1768695120000,1768695959999,SL,-80.83200000000004
1768784100000,1768785719999,SL,-80.83200000000002
1769040960000,1769050800000,TIME,0.9376617205596648
1776040980000,1776043319999,TP,26.919056822769058
1779065760000,1779073200000,TIME,9.268379952688257
1768177920000,1768178099999,TP,26.282455078672033
1769645820000,1769649659999,SL,-80.83200000000004
1771979400000,1771988400000,TIME,-1.8009004502251091
1772153220000,1772161200000,TIME,-24.427776832250704
1772238720000,1772241539999,TP,29.546464110462765
1772410560000,1772411219999,TP,30.816086308293155
1772497740000,1772506800000,TIME,-1.2701836898731762
1772756160000,1772762999999,TP,27.456089869806156
1773621180000,1773624239999,TP,26.677533486938323
1773966720000,1773969539999,TP,25.47138663705738
1774140900000,1774148400000,TIME,-13.883205888151497
1774485180000,1774494000000,TIME,-1.4374155498799785
1777855740000,1777863600000,TIME,-10.91896090563077
1779495660000,1779501719999,TP,44.26092188951625
1769129100000,1769129939999,TP,28.177061366221846
1775004300000,1775012400000,TIME,5.806157422302874
1778287680000,1778295600000,TIME,-14.723160660721955
1780102440000,1780110000000,TIME,14.05279572248002
1769732220000,1769732819999,SL,-80.83200000000001
1769818680000,1769820719999,SL,-80.83200000000002
1770511860000,1770518279999,TP,34.809250356350205
1771633080000,1771638299999,TP,26.586933787298445
1772842620000,1772844479999,TP,28.041440414162846
1775090280000,1775091959999,TP,29.914369936203805
1768783800000,1768786799999,TP,25.09046807913981
1771979160000,1771980719999,TP,32.63217192299585
1772325240000,1772334000000,TIME,3.8435897633010705
1772411100000,1772417279999,TP,24.87749152635696
1772843100000,1772844539999,SL,-80.83200000000002
1779149820000,1779153239999,TP,25.258130023733564
1770338760000,1770346800000,TIME,5.301233595521061
1773361380000,1773370800000,TIME,5.677238240163424
1767401160000,1767409200000,TIME,8.832101147274344
1769301000000,1769309219999,TP,134.6547740814059
1769387100000,1769387639999,TP,36.14902464832994
1769732580000,1769736959999,TP,34.671482121428696
1771203180000,1771206059999,TP,27.038047168824942
1771981080000,1771982519999,TP,32.50545311871626
1777162860000,1777163159999,SL,-80.83200000000011
1777249020000,1777249559999,TP,34.08498414709786
1768956840000,1768964400000,TIME,-0.1784103328397335
1770079260000,1770081479999,TP,31.297866469675135
1770769200000,1770775259999,SL,-80.83200000000011
1771373520000,1771373699999,TP,31.339889944972533
1771894320000,1771902000000,TIME,-17.08772212490385
1773707700000,1773716400000,TIME,-55.13638319159561
1774745460000,1774753200000,TIME,-12.707749163335267
1777249680000,1777249979999,TP,24.730696312489187
1778372400000,1778382000000,TIME,-23.591080876294264
1778458500000,1778458859999,TP,33.206823411705955
1780100760000,1780101479999,TP,30.592658002572136
1776645900000,1776654000000,TIME,36.200637173170364
1776991440000,1776991859999,TP,27.397275528223453
1777077540000,1777079879999,SL,-80.83200000000011
1777422540000,1777424939999,TP,26.69351599657703
1779669660000,1779678000000,TIME,-0.6023356381959202
1779756300000,1779756779999,TP,37.611990597068576
1767487560000,1767489839999,SL,-80.83200000000004
1769300700000,1769302619999,SL,-80.83200000000002
1770079800000,1770081659999,TP,25.288824358774875
1770684660000,1770692400000,TIME,2.810469473355184
1770857040000,1770860519999,TP,38.00589089762781
1772239680000,1772242439999,TP,27.064331968469205
1777249740000,1777251659999,TP,25.264907644360967
1769474460000,1769482800000,TIME,-7.1141550436234455
1771893600000,1771894379999,SL,-80.83200000000005
1771978740000,1771988400000,TIME,-55.00064351602604
1772065020000,1772066579999,SL,-80.83200000000008
1772323920000,1772324399999,SL,-80.83200000000012
1772497020000,1772497379999,TP,36.09638646416249
1772929560000,1772936099999,TP,34.28655790982739
1773274380000,1773284400000,TIME,30.380535275015944
1773447840000,1773457200000,TIME,-18.269732119771778
1779495480000,1779505200000,TIME,8.081345277902132
1778892600000,1778897639999,TP,74.71392974069616
1778978700000,1778979659999,TP,29.836952280313565
1779496740000,1779505200000,TIME,-23.508931279965953
1773362100000,1773370800000,TIME,-2.6846627667626075
1778287200000,1778295600000,TIME,-32.31581385468924
1778372580000,1778374919999,TP,28.044905556320284
1779324960000,1779332400000,TIME,3.8294660583304285
1769301420000,1769305859999,TP,33.10253397885386
1771201140000,1771202039999,SL,-80.83200000000005
1774484460000,1774485719999,SL,-80.83200000000008
1775608020000,1775609099999,TP,26.15615636481173
1779581760000,1779587459999,SL,-80.83199999999995
1772931420000,1772938800000,TIME,-4.5402950107271485
1773795180000,1773802800000,TIME,16.6978846566142
1767918360000,1767918539999,SL,-80.83200000000005
1769386800000,1769388779999,SL,-80.83200000000006
1772239380000,1772242859999,TP,26.877944686629114
1777249320000,1777252319999,TP,26.52161519494936
1769043600000,1769050800000,TIME,17.92465898083636
1770339120000,1770346800000,TIME,2.2722002488754565
1772067240000,1772071499999,TP,25.400790217593986
1773448320000,1773457200000,TIME,22.39402063447843
1769300460000,1769301539999,TP,28.553082149014948
1769387040000,1769388059999,TP,29.043911095013392
1769907480000,1769914800000,TIME,-22.987097215744594
1770424020000,1770424619999,TP,24.14156595076057
1775521560000,1775522819999,TP,30.775912025871122
1779754980000,1779759299999,TP,26.80762381190611
1769213520000,1769217479999,TP,27.55684198192437
1769386680000,1769388359999,TP,45.226679493593096
1769734740000,1769739239999,TP,27.54673062805129
1770771240000,1770778800000,TIME,-3.1014211001604446
1770942180000,1770943619999,TP,28.338257742009535
1771978800000,1771979339999,TP,25.494303183980538
1773708000000,1773716400000,TIME,-13.523435210608605
1774486620000,1774494000000,TIME,11.670860542378882
1777164720000,1777172400000,TIME,-13.12169220688472
1777337160000,1777342499999,TP,29.378393647411205
1779755040000,1779756359999,TP,32.821698206616254
1768351620000,1768359600000,TIME,-0.5996998499250454
1770769140000,1770770819999,TP,27.134227065970567
1774744080000,1774753200000,TIME,-48.841229372647916
1773361920000,1773370800000,TIME,-6.271440184377883
1778717940000,1778718179999,TP,34.048243813360095
1777077000000,1777077899999,TP,26.93821972210605
1778287800000,1778295600000,TIME,-6.93200611268438
1769992980000,1769993459999,TP,26.1465049312979
1772757360000,1772766000000,TIME,13.0690897188736
1773966840000,1773967559999,SL,-80.83200000000005
1774226040000,1774234800000,TIME,-45.39655735320436
1769734680000,1769737139999,TP,27.29986993496764
1770510420000,1770519600000,TIME,16.904386549512278
1776298380000,1776307139999,TP,27.635764325931945
1768265820000,1768268399999,TP,25.80211337094679
1769646240000,1769647859999,TP,29.765296530933085
1769907480000,1769914800000,TIME,-39.598154462020105
1770683040000,1770684239999,TP,39.858450642879355
1771806060000,1771809359999,TP,25.116327005632897
1771979040000,1771988400000,TIME,-53.50916824265785
1772065800000,1772073299999,SL,-80.83200000000005
1776127080000,1776127859999,TP,63.63805462619891
1776213240000,1776217679999,TP,40.46271045587028
1768696380000,1768705200000,TIME,9.450795060451592
1780102440000,1780110000000,TIME,-21.929561765807332
1771632960000,1771642800000,TIME,-48.44548387730983
1771806120000,1771806899999,TP,27.75536353002418
1773534480000,1773535019999,TP,26.053147836834732
1774916160000,1774916999999,TP,27.064892563489966
1776299640000,1776308400000,TIME,10.569709808579333
1777941840000,1777942439999,TP,26.84327946669513
1768868580000,1768878000000,TIME,2.1146455925910534
1768955640000,1768959959999,TP,29.11399047838525
1775091060000,1775091539999,SL,-80.83200000000008
1775781060000,1775785739999,TP,25.091379516573873
1776213840000,1776222000000,TIME,-23.114924265924554
1776387360000,1776394800000,TIME,-15.505813979609746
1777078020000,1777080179999,TP,76.88169404045792
1777510320000,1777515299999,SL,-80.832
1779409440000,1779412019999,TP,44.78235082267554
1775348940000,1775349419999,TP,26.4817211075559
1776385740000,1776387299999,SL,-80.83200000000006
1776646380000,1776654000000,TIME,10.482852814177313
1768177080000,1768179179999,TP,40.14713180119487
1770077760000,1770077999999,TP,78.64756117189035
1770596520000,1770606000000,TIME,-13.850403527944152
1771635060000,1771641419999,TP,24.06510969770611
1772757360000,1772758379999,TP,23.59953700988414
1773793020000,1773802800000,TIME,4.8455657032056685
1778028600000,1778036400000,TIME,-38.54955734748089
1769907120000,1769909939999,SL,-80.83200000000004
1770166020000,1770174000000,TIME,4.632081779648051
1770338280000,1770339299999,SL,-80.83200000000006
1770682800000,1770683699999,TP,26.739764937173206
1771980360000,1771988400000,TIME,-16.5573161580792
1767399120000,1767400439999,TP,40.4996449992475
1769734740000,1769737439999,TP,25.766187926868298
1769907060000,1769914800000,TIME,-14.093829350936153
1771028820000,1771028939999,TP,38.72890456559728
1771980180000,1771988400000,TIME,-7.663903380261478
1777077660000,1777086000000,TIME,-5.765274561270905
1767226620000,1767236400000,TIME,-11.755403939341472
1767920160000,1767923999999,TP,24.800952930070775
1768263720000,1768273200000,TIME,1.3671571365437554
1769042400000,1769042699999,TP,25.009516475655577
1769906460000,1769906939999,SL,-80.83199999999998
1770338340000,1770346800000,TIME,15.902131219455788
1770598740000,1770606000000,TIME,17.53116326503029
1770682980000,1770684899999,TP,125.846573601207
1770770160000,1770770519999,TP,25.390619946493004
1771115940000,1771124400000,TIME,1.626420615410602
1775091540000,1775093219999,TP,25.15113380838498
1777077480000,1777086000000,TIME,25.773014940168533
1769907240000,1769909579999,SL,-80.83200000000002
1774313460000,1774314359999,TP,27.912521584533238
1769993460000,1769994779999,TP,27.520027354976634
1770769740000,1770772019999,SL,-80.83200000000006
1773103920000,1773111600000,TIME,7.115781415050741
