period,token,date,vp,gp,pp,entry_ms,exit_ms,reason,net,upbit_ref_open00,upbit_p04,p04_source,growth_up,binance_open04,entry_px,ref_implied,sl_px,tp_px,skipped_busy
IS_2026,0G,2026-02-12,40,50,14,1770868800000,1770876959999,SL,-130.85199999999986,836.0,922.0,open@04:00,0.10287081339712922,0.6189,0.6185905500000001,0.5611718004338395,0.6990073215,0.5669136753904556,False
IS_2026,0G,2026-02-20,47,37,6,1771560000000,1771682400000,TIME,-62.39120862125955,908.0,958.0,open@04:00,0.05506607929515428,0.649,0.6486755000000001,0.6151273486430062,0.733003315,0.6184821637787056,False
IS_2026,AERGO,2026-01-21,50,50,13,1768968000000,1769090400000,TIME,41.076288455791754,86.3,99.6,open@04:00,0.1541135573580532,0.06676,0.06672662,0.05784526104417671,0.07540108059999999,0.05873339693975904,False
IS_2026,AERO,2026-01-14,41,50,5,1768363200000,1768440959999,TP,35.88679138753714,863.0,900.0,open@04:00,0.042873696407879525,0.613,0.6126935,0.5877988888888889,0.692343655,0.59028835,False
IS_2026,AGLD,2026-02-21,50,50,6,1771646400000,1771682819999,SL,-131.12177411979647,322.0,346.0,open@04:00,0.07453416149068315,0.2346,0.23448270000000002,0.21832716763005783,0.264965451,0.21994272086705205,False
IS_2026,AKT,2026-01-27,50,50,25,1769486400000,1769572619999,TP,59.58937664025796,648.0,703.0,open@04:00,0.08487654320987659,0.4796,0.47936020000000007,0.4420779516358464,0.541677026,0.4458061764722618,False
IS_2026,AKT,2026-02-20,50,50,18,1771560000000,1771682400000,TIME,82.06549161143525,458.0,526.0,open@04:00,0.14847161572052392,0.3535,0.35332325,0.3078003802281369,0.3992552724999999,0.3123526672053232,False
IS_2026,ANIME,2026-03-13,50,50,5,1773374400000,1773446999999,TP,25.764635078039994,6.74,6.96,open@04:00,0.03264094955489605,0.004768,0.004765616,0.0046172873563218395,0.00538514608,0.004632120220689656,False
IS_2026,ANIME,2026-03-17,50,50,26,1773720000000,1773842400000,TIME,139.6277735089561,7.14,9.75,open@04:00,0.365546218487395,0.006432,0.006428784000000001,0.004710203076923077,0.00726452592,0.004882061169230769,False
IS_2026,ANIME,2026-03-21,50,47,10,1774065600000,1774188000000,TIME,-2.974532141653892,7.28,7.72,open@04:00,0.06043956043956045,0.005144,0.005141428000000001,0.004850818652849741,0.0058098136400000005,0.004879879587564767,False
IS_2026,ANKR,2026-03-06,50,50,23,1772769600000,1772892000000,TIME,73.7648618750338,6.17,7.09,open@04:00,0.14910858995137755,0.004785,0.0047826075,0.004164097320169253,0.005404346474999999,0.004225948338152328,False
IS_2026,ANKR,2026-03-18,50,50,28,1773806400000,1773928800000,TIME,100.01856067728141,6.99,9.0,open@04:00,0.28755364806866957,0.005691,0.0056881545000000006,0.004420009999999999,0.006427614585,0.00454682445,False
IS_2026,ANKR,2026-03-21,50,50,19,1774065600000,1774188000000,TIME,58.43789614434942,7.79,9.11,open@04:00,0.16944801026957634,0.006017,0.0060139915,0.005145162458836444,0.006795810395,0.005232045362952799,False
IS_2026,ANKR,2026-04-04,42,43,5,1775275200000,1775397600000,TIME,-0.9610517756475265,7.6,7.92,open@04:00,0.04210526315789487,0.005201,0.0051983995,0.0049908585858585855,0.0058741914349999995,0.005011612677272727,False
IS_2026,ANKR,2026-05-06,50,50,8,1778040000000,1778044739999,TP,28.931386724289915,7.5,7.76,open@04:00,0.03466666666666662,0.005274,0.005271363,0.00509729381443299,0.00595664019,0.005114700732989691,False
IS_2026,API3,2026-02-07,50,50,46,1770436800000,1770523319999,TP,97.01400760420174,468.0,548.0,open@04:00,0.170940170940171,0.369,0.3688155,0.31513138686131387,0.41676151499999997,0.3204997981751825,False
IS_2026,API3,2026-02-26,50,50,16,1772078400000,1772087699999,TP,36.95360751804471,429.0,448.0,open@04:00,0.04428904428904423,0.3128,0.3126436,0.29953392857142863,0.353287268,0.30084489571428574,False
IS_2026,API3,2026-03-12,50,50,12,1773288000000,1773304139999,TP,22.705571293274883,430.0,443.0,open@04:00,0.03023255813953485,0.3007,0.30054965000000006,0.2918758465011287,0.33962110450000005,0.29274322685101584,False
IS_2026,API3,2026-04-25,50,50,33,1777089600000,1777120199999,TP,224.73401355122462,536.0,732.0,open@04:00,0.36567164179104483,0.4882,0.48795590000000005,0.35747978142076503,0.551390167,0.37052739327868855,False
IS_2026,ATH,2026-02-14,50,50,18,1771041600000,1771162379999,TP,56.57223103163239,8.95,9.71,open@04:00,0.08491620111731857,0.006568,0.006564716000000001,0.0060539237899073116,0.00741812908,0.0061050030109165805,False
IS_2026,AVNT,2026-01-16,49,26,9,1768536000000,1768538279999,TP,27.026154601964723,432.0,446.0,open@04:00,0.03240740740740744,0.3014,0.3012493,0.2919390134529148,0.34041170899999995,0.2928700421076233,False
IS_2026,AVNT,2026-01-25,50,50,15,1769313600000,1769436000000,TIME,59.59470367536726,426.0,486.0,open@04:00,0.14084507042253525,0.3264,0.32623680000000005,0.2861037037037037,0.36864758400000003,0.29011701333333334,False
IS_2026,AXL,2026-03-25,50,50,8,1774411200000,1774451819999,TP,33.0183524759845,75.1,78.2,open@04:00,0.04127829560585905,0.0523,0.052273850000000004,0.050226726342710984,0.059069450499999995,0.050431438708439885,False
IS_2026,AXL,2026-04-21,43,47,12,1776744000000,1776802019999,TP,84.7411486334294,80.4,89.2,open@04:00,0.1094527363184079,0.06001,0.059979995,0.05408973094170404,0.06777739434999999,0.054678757347533635,False
IS_2026,AXS,2026-02-14,40,49,11,1771041600000,1771159859999,TP,28.592337296464823,2065.0,2194.0,open@04:00,0.062469733656174364,1.49,1.489255,1.4023928896991795,1.68285815,1.4110791007292616,False
IS_2026,AXS,2026-02-20,47,50,6,1771560000000,1771593839999,TP,25.143302065854293,1877.0,1981.0,open@04:00,0.055407565263718705,1.329,1.3283355000000001,1.2592291771832407,1.501019115,1.2661398094649166,False
IS_2026,AZTEC,2026-03-07,48,50,12,1772856000000,1772945699999,TP,39.0797457631471,30.2,31.7,open@04:00,0.04966887417218535,0.02143,0.021419285000000003,0.020415962145110413,0.024203792050000002,0.020516294430599373,False
IS_2026,AZTEC,2026-05-13,50,50,12,1778644800000,1778684879999,TP,96.15733747706985,34.7,38.9,open@04:00,0.12103746397694515,0.02613,0.026116935,0.023308766066838047,0.029512136549999998,0.023589582960154242,False
IS_2026,BARD,2026-04-04,40,49,14,1775275200000,1775388719999,TP,2.259932865825668,454.0,481.0,open@04:00,0.05947136563876643,0.3112,0.3110444,0.29373139293139294,0.351480172,0.29546269363825367,False
IS_2026,BERA,2026-01-14,50,50,29,1768363200000,1768389659999,SL,-135.82261497490873,858.0,1040.0,open@04:00,0.21212121212121215,0.7066,0.7062467,0.5829449999999999,0.7980587709999999,0.59527517,False
IS_2026,BLUR,2026-04-01,50,50,22,1775016000000,1775030339999,SL,-130.85199999999995,26.3,31.2,open@04:00,0.18631178707224327,0.01996,0.01995002,0.01682525641025641,0.022543522599999997,0.01713773276923077,False
IS_2026,BSV,2026-01-05,50,50,14,1767585600000,1767708000000,TIME,-33.244704909554905,26990.0,32010.0,open@04:00,0.18599481289366437,20.14,20.12993,16.98152452358638,22.7468209,17.296365071227743,False
IS_2026,CARV,2026-02-21,50,50,10,1771646400000,1771768800000,TIME,48.86396092114506,90.6,98.8,open@04:00,0.09050772626931569,0.06693,0.06689653500000001,0.06137508097165992,0.07559308455,0.061927226374493924,False
IS_2026,CARV,2026-03-18,50,50,9,1773806400000,1773830759999,TP,36.49359777346959,89.3,93.2,open@04:00,0.043673012318029114,0.06324,0.06320838000000001,0.06059369098712447,0.0714254694,0.06085515988841202,False
IS_2026,CARV,2026-04-05,50,50,7,1775361600000,1775480279999,TP,34.78116756614278,85.1,88.6,open@04:00,0.04112808460634554,0.05833,0.058300835,0.05602576749435666,0.06587994355,0.05625327424492099,False
IS_2026,CARV,2026-04-22,50,50,5,1776830400000,1776911339999,TP,37.53417545147794,83.3,87.1,last_close_03xx,0.0456182472989195,0.0588,0.0587706,0.056234672789896675,0.06641077799999999,0.05648826551090701,False
IS_2026,CFG,2026-03-28,44,50,13,1774670400000,1774792800000,TIME,-29.268136739518958,218.0,255.0,open@04:00,0.16972477064220182,0.1636,0.1635182,0.13986196078431373,0.18477556599999997,0.14222758470588237,False
IS_2026,CKB,2026-04-11,50,50,17,1775880000000,1775892479999,TP,26.774807403701786,2.18,2.25,open@04:00,0.032110091743119185,0.001498,0.001497251,0.0014513955555555556,0.00169189363,0.0014559811,False
IS_2026,CYBER,2026-02-03,50,50,47,1770091200000,1770139019999,TP,93.13111566312219,868.0,987.0,open@04:00,0.1370967741935485,0.6622,0.6618689000000001,0.5823602836879432,0.7479118570000001,0.590311145319149,False
IS_2026,CYBER,2026-02-18,50,50,30,1771387200000,1771508279999,TP,160.24328149348395,835.0,1074.0,open@04:00,0.28622754491017965,0.711,0.7106445,0.5527793296089385,0.8030282849999999,0.5685658466480447,False
IS_2026,CYBER,2026-02-22,50,50,16,1771732800000,1771792679999,TP,60.117071949139856,856.0,933.0,open@04:00,0.0899532710280373,0.6337,0.6333831500000001,0.5814010718113612,0.7157229595000001,0.5865992796302252,False
IS_2026,DEEP,2026-02-13,50,47,5,1770955200000,1770991979999,SL,-132.60763241732178,36.2,39.8,open@04:00,0.09944751381215444,0.02695,0.026936525000000003,0.024512311557788952,0.03043827325,0.02475473290201006,False
IS_2026,DEEP,2026-05-09,50,50,33,1778299200000,1778421600000,TIME,28.673502562451446,48.8,55.7,open@04:00,0.14139344262295084,0.0376,0.0375812,0.03294219030520647,0.042466756,0.03340609127468582,False
IS_2026,DOOD,2026-01-02,50,50,11,1767326400000,1767448800000,TIME,15.01279248555271,8.09,8.6,open@04:00,0.06304079110012362,0.005912,0.0059090440000000004,0.00556140465116279,0.00667721972,0.005596168586046511,False
IS_2026,DOOD,2026-03-13,50,50,7,1773374400000,1773403919999,SL,-131.02006529390815,4.18,4.38,open@04:00,0.04784688995215314,0.002997,0.0029955015000000004,0.002860150684931507,0.0033849166950000002,0.0028736857664383563,False
IS_2026,EDGE,2026-04-03,50,50,14,1775188800000,1775205599999,SL,-130.75207802570566,150.0,190.0,open@04:00,0.2666666666666666,0.8116,0.8111942000000001,0.6407368421052632,0.916649446,0.6577825778947368,False
IS_2026,EDGE,2026-04-07,47,50,14,1775534400000,1775569199999,SL,-130.6966609069033,155.0,211.0,open@04:00,0.3612903225806452,0.9104,0.9099448,0.6687772511848341,1.028237624,0.6928940060663507,False
IS_2026,EDGE,2026-05-26,50,50,11,1779768000000,1779890400000,TIME,-9.906789680240648,138.0,147.0,open@04:00,0.0652173913043479,1.3665,1.36581675,1.2828367346938776,1.5433729274999999,1.2911347362244898,False
IS_2026,EGLD,2026-01-10,50,50,15,1768017600000,1768091819999,TP,30.57812746293509,9220.0,9580.0,open@04:00,0.0390455531453362,6.506,6.502747,6.261515657620042,7.3481041099999995,6.285638791858038,False
IS_2026,ELSA,2026-03-30,50,50,9,1774843200000,1774965600000,TIME,-41.60478789458119,90.2,95.7,last_close_03xx,0.060975609756097615,0.06312,0.06308844,0.05949241379310344,0.07128993719999999,0.05985201641379309,False
IS_2026,ENS,2026-05-30,50,50,15,1780113600000,1780236000000,TIME,21.50416377753376,8675.0,8975.0,open@04:00,0.03458213256484144,6.039,6.0359805,5.837139275766017,6.820657965,5.8570233981894155,False
IS_2026,ENSO,2026-04-24,50,50,6,1777003200000,1777077119999,TP,43.21662220964796,1161.0,1223.0,open@04:00,0.053402239448751,0.8205,0.8200897500000001,0.7789047424366313,0.9267014175,0.7830232431929682,False
IS_2026,F,2026-02-08,50,50,38,1770523200000,1770645600000,TIME,9.069760845307897,8.41,9.62,open@04:00,0.14387633769322217,0.006436,0.006432782000000001,0.005626482328482329,0.00726904366,0.0057071122956340965,False
IS_2026,F,2026-03-13,50,50,15,1773374400000,1773496800000,TIME,51.60727683250724,7.83,8.65,open@04:00,0.1047254150702428,0.005889,0.005886055500000001,0.00533073641618497,0.006651242715,0.005386268324566473,False
IS_2026,F,2026-03-17,50,50,8,1773720000000,1773792659999,TP,69.87009450928188,8.38,9.2,open@04:00,0.09785202863961806,0.006219,0.0062158905,0.0056646978260869564,0.007023956264999999,0.005719817093478261,False
IS_2026,FLOCK,2026-02-22,50,50,7,1771732800000,1771755899999,SL,-131.83147792170536,83.7,87.0,open@04:00,0.03942652329749108,0.05888,0.05885056,0.056646620689655175,0.0665011328,0.05686701462068966,False
IS_2026,FLOCK,2026-03-17,50,50,11,1773720000000,1773743219999,TP,69.37226275147572,86.5,94.0,open@04:00,0.08670520231213863,0.06351,0.063478245,0.05844271276595745,0.07173041684999999,0.05894626598936171,False
IS_2026,FLOCK,2026-03-21,50,50,7,1774065600000,1774137839999,TP,37.831774623328265,87.9,92.1,last_close_03xx,0.04778156996587013,0.06157,0.061539215,0.058762247557003267,0.06953931295,0.05903994430130294,False
IS_2026,FLOCK,2026-04-06,50,50,6,1775448000000,1775526179999,TP,33.52235920585798,77.1,80.2,open@04:00,0.04020752269779515,0.0532,0.0531734,0.0511436408977556,0.060085941999999996,0.05134661680798004,False
IS_2026,FLOCK,2026-05-02,50,50,5,1777694400000,1777816800000,TIME,-29.53011971082246,85.5,88.5,open@04:00,0.03508771929824572,0.05945,0.05942027500000001,0.05743474576271186,0.06714491075000001,0.057633298686440675,False
IS_2026,FLUID,2026-01-03,50,50,15,1767412800000,1767535200000,TIME,47.915029866773764,4098.0,4655.0,open@04:00,0.13591996095656422,3.206,3.204397,2.8223819548872178,3.62096861,2.8605834593984962,False
IS_2026,FLUID,2026-01-25,50,50,72,1769313600000,1769398559999,TP,278.3980249804965,3884.0,5765.0,open@04:00,0.48429454170957786,3.798,3.796101,2.5587913269731133,4.28959413,2.682522294275802,False
IS_2026,G,2026-01-25,50,50,32,1769313600000,1769386919999,TP,216.95669153808188,6.78,9.34,open@04:00,0.3775811209439528,0.006086,0.006082957000000001,0.004417888650963597,0.00687374141,0.004584395485867238,False
IS_2026,G,2026-02-04,50,50,32,1770177600000,1770290279999,TP,113.07552486754918,5.54,6.79,open@04:00,0.2256317689530687,0.004548,0.004545726,0.0037107393225331367,0.00513667038,0.003794237990279823,False
IS_2026,G,2026-03-16,50,50,24,1773633600000,1773651899999,SL,-152.6923161693327,5.1,6.88,open@04:00,0.34901960784313735,0.004623,0.004620688500000001,0.0034269331395348837,0.005221378005000001,0.0035463086755813953,False
IS_2026,G,2026-03-31,50,50,17,1774929600000,1775052000000,TIME,55.51819529107101,5.26,6.56,open@04:00,0.24714828897338403,0.004198,0.004195901,0.0033660792682926833,0.00474136813,0.003449061441463415,False
IS_2026,GAS,2026-01-27,50,50,16,1769486400000,1769608800000,TIME,25.935479070939223,2757.0,3112.0,open@04:00,0.1287631483496554,2.073,2.0719635,1.8365234575835476,2.3413187549999996,1.860067461825193,False
IS_2026,HIVE,2026-03-26,50,50,8,1774497600000,1774518359999,TP,22.680299747921964,93.3,96.1,open@04:00,0.030010718113612,0.06415,0.064117925,0.062280905306971904,0.07245325525,0.06246460727627472,False
IS_2026,HIVE,2026-05-25,43,46,10,1779681600000,1779804000000,TIME,29.176317219074782,89.7,98.6,open@04:00,0.09921962095875125,0.0645,0.06446775,0.05867799188640974,0.0728485575,0.05925696769776877,False
IS_2026,HOLO,2026-01-02,50,50,19,1767326400000,1767340379999,SL,-130.8519999999998,97.3,107.0,open@04:00,0.09969167523124356,0.07393,0.073893035,0.06722793457943925,0.08349912954999998,0.06789444462149533,False
IS_2026,HOLO,2026-02-25,50,50,17,1771992000000,1772114400000,TIME,87.98416783544232,79.2,97.0,open@04:00,0.2247474747474747,0.0656,0.0655672,0.05356206185567011,0.074090936,0.0547625756701031,False
IS_2026,HOLO,2026-03-05,42,50,7,1772683200000,1772805600000,TIME,-4.803709369692707,87.1,92.4,open@04:00,0.06084959816303104,0.0633,0.06326835,0.05966915584415584,0.07149323549999999,0.06002907525974025,False
IS_2026,HYPER,2026-01-11,50,50,26,1768104000000,1768226400000,TIME,97.06520192630988,183.0,237.0,open@04:00,0.29508196721311486,0.1586,0.1585207,0.1224632911392405,0.17912839099999997,0.12606903202531644,False
IS_2026,ICX,2026-02-09,50,50,29,1770609600000,1770681779999,TP,59.68725150755458,59.3,64.9,open@04:00,0.09443507588532896,0.0433,0.04327835,0.03956379044684129,0.0489045355,0.03993524640215716,False
IS_2026,ICX,2026-03-11,50,50,16,1773201600000,1773324000000,TIME,97.94100479485041,51.2,64.1,open@04:00,0.2519531249999998,0.0424,0.0423788,0.03386708268330734,0.047888044,0.034718254414976606,False
IS_2026,ID,2026-02-27,50,50,13,1772164800000,1772192639999,TP,26.80315857993921,64.9,67.1,open@04:00,0.03389830508474567,0.04621,0.046186895000000006,0.04469491803278689,0.05219119135,0.0448441157295082,False
IS_2026,ID,2026-05-29,50,45,8,1780027200000,1780041239999,SL,-130.85199999999998,39.4,42.7,open@04:00,0.08375634517766506,0.02879,0.028775605000000003,0.02656501170960187,0.03251643365,0.02678607103864168,False
IS_2026,IMX,2026-03-02,50,50,24,1772424000000,1772455019999,TP,30.369524087819663,235.0,244.0,open@04:00,0.038297872340425476,0.1676,0.1675162,0.16141803278688524,0.189293306,0.1620278495081967,False
IS_2026,IMX,2026-03-22,50,50,26,1774152000000,1774207919999,TP,46.0344862273416,235.0,249.0,open@04:00,0.05957446808510647,0.165,0.16491750000000002,0.15572289156626506,0.186356775,0.15664235240963856,False
IS_2026,IMX,2026-04-13,50,50,9,1776052800000,1776175200000,TIME,-41.21128764101741,206.0,214.0,open@04:00,0.03883495145631066,0.1427,0.14262865,0.13736542056074766,0.1611703745,0.1378917435046729,False
IS_2026,IN,2026-01-30,40,36,11,1769745600000,1769841779999,TP,63.39068798433918,87.8,96.7,open@04:00,0.101366742596811,0.06481,0.06477759500000001,0.058845067218200625,0.07319868235,0.059438319996380565,False
IS_2026,IN,2026-02-07,50,50,15,1770436800000,1770559200000,TIME,-59.11659548703938,77.3,82.9,open@04:00,0.07244501940491599,0.05568,0.055652160000000006,0.05191874547647768,0.0628869408,0.05229208692882991,False
IS_2026,IN,2026-04-09,50,50,20,1775707200000,1775829600000,TIME,84.08241160763032,86.6,99.1,open@04:00,0.1443418013856812,0.0657,0.06566715,0.057412916246215945,0.07420387949999999,0.05823833962159435,False
IS_2026,IN,2026-04-14,50,50,13,1776139200000,1776189179999,SL,-131.04912227873257,86.6,90.9,open@04:00,0.04965357967667461,0.06133,0.061299335,0.058428800880088,0.06926824855,0.0587158542920792,False
IS_2026,IN,2026-04-19,43,21,6,1776571200000,1776637319999,TP,36.08564325836808,93.0,97.0,open@04:00,0.043010752688172005,0.06473,0.064697635,0.062060721649484535,0.07310832754999999,0.06232441298453608,False
IS_2026,IOST,2026-04-15,50,50,11,1776225600000,1776250259999,TP,99.22485247399541,1.61,1.82,open@04:00,0.13043478260869557,0.001208,0.0012073960000000001,0.0010686153846153849,0.00136435748,0.0010824934461538464,False
IS_2026,KAITO,2026-01-03,50,50,11,1767412800000,1767535200000,TIME,9.444487546428178,774.0,820.0,open@04:00,0.05943152454780365,0.565,0.5647175,0.5333048780487805,0.6381307749999999,0.5364461402439025,False
IS_2026,KAVA,2026-03-07,46,50,12,1772856000000,1772978400000,TIME,-82.64877968968273,86.0,91.1,open@04:00,0.059302325581395365,0.0617,0.06166915,0.058245883644346866,0.0696861395,0.05858821027991218,False
IS_2026,KAVA,2026-05-02,50,50,20,1777694400000,1777816800000,TIME,-34.38480256575652,84.4,90.8,open@04:00,0.07582938388625582,0.0608,0.0607696,0.05651453744493393,0.068669648,0.056940043700440535,False
IS_2026,KNC,2026-03-02,50,50,24,1772424000000,1772546400000,TIME,95.13167922912785,195.0,239.0,open@04:00,0.22564102564102573,0.1602,0.1601199,0.1307071129707113,0.180935487,0.13364839167364018,False
IS_2026,LA,2026-01-01,50,50,24,1767240000000,1767362400000,TIME,-29.313309047956146,437.0,465.0,open@04:00,0.06407322654462244,0.3167,0.31654165,0.2976298924731183,0.35769206449999996,0.29952106822580643,False
IS_2026,LA,2026-02-23,50,50,19,1771819200000,1771895879999,TP,53.508086659348706,316.0,352.0,open@04:00,0.11392405063291133,0.2337,0.23358315000000002,0.20979886363636363,0.26394895949999997,0.21217729227272727,False
IS_2026,LPT,2026-01-24,50,50,26,1769227200000,1769296619999,SL,-161.7834609207926,4199.0,4990.0,open@04:00,0.18837818528220995,3.31,3.308345,2.7853086172344694,3.7384298499999997,2.8376122555110226,False
IS_2026,LPT,2026-02-13,50,50,36,1770955200000,1771077600000,TIME,17.792820465228736,3461.0,3907.0,open@04:00,0.1288644900317828,2.582,2.580709,2.287254159201433,2.91620117,2.3165996432812896,False
IS_2026,LPT,2026-02-24,50,50,18,1771905600000,1771910399999,TP,25.42630138281835,3244.0,3343.0,open@04:00,0.030517879161529038,2.265,2.2638675000000004,2.197924020341011,2.558170275,2.20451836830691,False
IS_2026,LSK,2026-02-16,45,50,7,1771214400000,1771222919999,TP,34.175128364138644,213.0,222.0,open@04:00,0.04225352112676051,0.1494,0.14932530000000002,0.14334324324324327,0.16873758900000002,0.14394144891891894,False
IS_2026,LSK,2026-03-03,50,50,7,1772510400000,1772632800000,TIME,3.9144021077006377,186.0,197.0,open@04:00,0.05913978494623651,0.1339,0.13383305,0.1264233502538071,0.1512313465,0.1271643202284264,False
IS_2026,MASK,2026-01-14,50,50,15,1768363200000,1768415639999,TP,31.215457817600853,1019.0,1057.0,open@04:00,0.037291462217860616,0.7205,0.7201397500000001,0.6945974456007569,0.8137579175,0.6971516760406812,False
IS_2026,MASK,2026-02-15,50,50,20,1771128000000,1771157399999,TP,35.70446366483558,716.0,748.0,last_close_03xx,0.04469273743016755,0.5068,0.5065466000000001,0.48511871657754013,0.572397658,0.48726150491978615,False
IS_2026,MINA,2026-02-10,50,50,16,1770696000000,1770790439999,TP,45.7498597168735,93.3,99.6,open@04:00,0.067524115755627,0.0661,0.06606695000000001,0.06191897590361446,0.0746556535,0.062333773313253016,False
IS_2026,MINA,2026-04-01,50,50,23,1775016000000,1775138400000,TIME,35.616829239431176,80.2,91.7,open@04:00,0.14339152119700738,0.05965,0.059620175000000004,0.05216935659760088,0.06737079775,0.05291443843784079,False
IS_2026,MINA,2026-04-10,50,50,17,1775793600000,1775916000000,TIME,29.726104701012666,83.1,90.8,open@04:00,0.0926594464500603,0.06017,0.060139915,0.05506747797356828,0.06795810395,0.05557472167621145,False
IS_2026,MINA,2026-05-04,50,50,12,1777867200000,1777989600000,TIME,-22.4761664921896,88.3,91.0,open@04:00,0.0305775764439411,0.06172,0.06168914,0.05988874725274725,0.0697087282,0.06006878652747253,False
IS_2026,MOCA,2026-01-15,50,50,8,1768449600000,1768491899999,TP,28.927033085153983,34.6,36.0,open@04:00,0.040462427745664664,0.02434,0.02432783,0.023393444444444446,0.0274904479,0.023486883,False
IS_2026,MOCA,2026-04-18,46,50,5,1776484800000,1776561779999,TP,41.53982562381059,20.2,21.2,open@04:00,0.04950495049504955,0.01435,0.014342825,0.01367311320754717,0.016207392249999997,0.013740084386792452,False
IS_2026,MOODENG,2026-04-06,50,50,11,1775448000000,1775514239999,TP,25.98208843810288,69.4,71.8,open@04:00,0.03458213256484144,0.04759,0.047566205,0.04599924791086351,0.05374981164999999,0.04615594361977716,False
IS_2026,MOVE,2026-01-15,50,50,17,1768449600000,1768510079999,TP,64.80897820580944,55.1,61.8,open@04:00,0.12159709618874759,0.04123,0.04120938500000001,0.03676008090614887,0.04656660505000001,0.037205011315533984,False
IS_2026,MTL,2026-01-13,50,50,15,1768276800000,1768399200000,TIME,50.35727081913057,556.0,654.0,open@04:00,0.1762589928057554,0.43,0.42978500000000003,0.36556574923547397,0.48565705,0.3719876743119266,False
IS_2026,MTL,2026-05-23,50,50,23,1779508800000,1779631200000,TIME,19.698806625535127,437.0,514.0,open@04:00,0.17620137299771166,0.324,0.323838,0.27546303501945524,0.36593694,0.2803005315175097,False
IS_2026,NEWT,2026-02-25,47,50,6,1771992000000,1772114400000,TIME,18.56591194810924,94.4,100.0,last_close_03xx,0.05932203389830493,0.06866,0.06862567,0.06481504,0.0775470071,0.065196103,False
IS_2026,ONG,2026-01-27,50,50,33,1769486400000,1769608800000,TIME,92.93374389698866,120.0,158.0,open@04:00,0.31666666666666665,0.09385,0.09380307500000001,0.07127848101265823,0.10599747475,0.07353094041139241,False
IS_2026,ONT,2026-01-06,48,50,5,1767672000000,1767794400000,TIME,16.954349290029594,94.3,98.3,open@04:00,0.04241781548250256,0.0676,0.06756619999999999,0.06484923702950153,0.07634980599999998,0.06512093332655138,False
IS_2026,ONT,2026-01-27,50,50,13,1769486400000,1769517779999,TP,52.94285998347587,85.4,92.2,open@04:00,0.0796252927400467,0.0621,0.062068950000000005,0.05751995661605207,0.0701379135,0.05797485595444686,False
IS_2026,ONT,2026-05-19,50,50,7,1779163200000,1779285600000,TIME,48.06935946368237,86.5,97.6,open@04:00,0.1283236994219652,0.0648,0.0647676,0.057430327868852465,0.07318738799999999,0.05816405508196722,False
IS_2026,ORCA,2026-01-05,50,50,14,1767585600000,1767708000000,TIME,-7.7957772025641,1672.0,1821.0,open@04:00,0.08911483253588526,1.239,1.2383805,1.1376210873146624,1.399369965,1.1476970285831962,False
IS_2026,ORCA,2026-02-17,50,50,34,1771300800000,1771315859999,SL,-167.72694632722815,1186.0,1549.0,open@04:00,0.30607082630691407,1.021,1.0204895,0.7817340219496448,1.153153135,0.8056095697546803,False
IS_2026,ORCA,2026-05-07,42,35,12,1778126400000,1778248800000,TIME,43.152179983213095,2214.0,2464.0,open@04:00,0.11291779584462502,1.667,1.6661665,1.4978644480519483,1.882768145,1.5146946532467536,False
IS_2026,ORDER,2026-03-22,50,50,16,1774152000000,1774274400000,TIME,-44.1397231938076,82.0,93.8,open@04:00,0.14390243902439015,0.05939,0.059360305,0.05191876332622602,0.06707714464999999,0.05266291749360342,False
IS_2026,ORDER,2026-04-06,50,50,19,1775448000000,1775570400000,TIME,73.60315476924413,73.2,87.7,open@04:00,0.19808743169398912,0.05749,0.057461255,0.047984811858608895,0.06493121815,0.048932456172748,False
IS_2026,ORDER,2026-04-14,50,50,13,1776139200000,1776261600000,TIME,-42.929811151455816,85.5,90.0,open@04:00,0.05263157894736836,0.06068,0.06064966,0.057646,0.06853411579999999,0.057946366,False
IS_2026,ORDER,2026-05-05,50,50,10,1777953600000,1777969739999,TP,31.983909862683443,85.4,88.7,open@04:00,0.03864168618266972,0.05972,0.05969014,0.05749817361894025,0.06744985819999999,0.05771737025704623,False
IS_2026,POLYX,2026-04-04,50,50,25,1775275200000,1775397600000,TIME,42.387536022716404,68.8,86.8,open@04:00,0.2616279069767442,0.05473,0.054702635000000006,0.04338046082949309,0.06181397755,0.04451267824654378,False
IS_2026,POLYX,2026-05-15,50,50,10,1778817600000,1778852459999,TP,106.92495883212887,80.6,93.2,open@04:00,0.15632754342431765,0.06207,0.062038965,0.05367856223175965,0.07010403045,0.054514602508583684,False
IS_2026,PRL,2026-05-05,50,50,19,1777953600000,1778043659999,TP,101.4342734739276,394.0,447.0,open@04:00,0.13451776649746194,0.2999,0.29975005,0.2643413870246085,0.33871755649999996,0.26788225332214766,False
IS_2026,PRL,2026-05-27,50,36,13,1779854400000,1779862259999,TP,43.0402835183827,238.0,252.0,open@04:00,0.05882352941176472,0.1694,0.1693153,0.15998888888888887,0.19132628899999998,0.16092152999999998,False
IS_2026,QTUM,2026-01-06,50,50,14,1767672000000,1767721799999,TP,37.26190676318783,2098.0,2198.0,open@04:00,0.04766444232602485,1.517,1.5162415,1.4479827115559598,1.7133528949999999,1.4548085904003638,False
IS_2026,RED,2026-02-27,50,50,22,1772164800000,1772228999999,TP,110.45027355094447,234.0,270.0,open@04:00,0.15384615384615374,0.1835,0.18340825,0.15903333333333333,0.20725132249999997,0.16147082499999998,False
IS_2026,RED,2026-04-24,45,50,15,1777003200000,1777077599999,TP,59.273711434024975,201.0,218.0,open@04:00,0.08457711442786064,0.1462,0.1461269,0.13479908256880735,0.16512339699999998,0.1359318643119266,False
IS_2026,RVN,2026-03-17,50,50,36,1773720000000,1773792359999,TP,87.57183006646284,8.5,9.51,open@04:00,0.11882352941176477,0.00638,0.006376810000000001,0.005702418506834911,0.007205795300000001,0.005769857656151419,False
IS_2026,RVN,2026-04-25,50,50,11,1777089600000,1777117319999,TP,33.93658094278591,8.9,9.27,open@04:00,0.041573033707865026,0.00621,0.0062068950000000005,0.005962135922330098,0.00701379135,0.0059866118300970885,False
IS_2026,SAFE,2026-01-18,50,50,27,1768708800000,1768780919999,TP,114.68016999155354,271.0,314.0,open@04:00,0.15867158671586723,0.2124,0.2122938,0.18331337579617835,0.23989199399999997,0.1862114182165605,False
IS_2026,SAHARA,2026-01-29,50,50,17,1769659200000,1769669279999,TP,46.28576393737779,35.9,37.9,open@04:00,0.055710306406685284,0.02606,0.026046970000000003,0.02468480211081794,0.0294330761,0.024821018899736147,False
IS_2026,SAHARA,2026-02-25,50,50,7,1771992000000,1772114400000,TIME,21.448046915102616,21.4,22.4,open@04:00,0.04672897196261672,0.01532,0.01531234,0.01463607142857143,0.0173029442,0.014703698285714287,False
IS_2026,SIGN,2026-01-05,50,50,14,1767585600000,1767708000000,TIME,17.220743970280214,55.6,58.0,open@04:00,0.043165467625899234,0.03988,0.03986006,0.038229793103448276,0.045041867799999996,0.038392819793103446,False
IS_2026,SIGN,2026-02-28,50,50,26,1772251200000,1772373600000,TIME,138.64919730872498,35.7,47.0,open@04:00,0.3165266106442577,0.03118,0.03116441,0.023683531914893616,0.0352157833,0.024431619723404255,False
IS_2026,SKR,2026-03-01,50,50,19,1772337600000,1772395979999,TP,32.22382396841414,31.8,33.1,open@04:00,0.04088050314465419,0.022691,0.0226796545,0.021799812688821748,0.025628009584999997,0.021887796869939573,False
IS_2026,SOMI,2026-01-28,46,47,18,1769572800000,1769584679999,SL,-133.18828454840724,341.0,389.0,open@04:00,0.1407624633431086,0.2674,0.26726630000000007,0.23440462724935732,0.30201091900000004,0.2376907945244216,False
IS_2026,SOMI,2026-04-26,50,50,33,1777176000000,1777207499999,TP,127.17648559924889,270.0,316.0,open@04:00,0.17037037037037028,0.2113,0.21119435,0.18054113924050633,0.23864961549999997,0.1836064603164557,False
IS_2026,SONIC,2026-02-18,50,50,17,1771387200000,1771449839999,TP,109.51149690573027,67.9,77.5,open@04:00,0.14138438880706916,0.05225,0.052223875,0.045777741935483875,0.05901297875,0.046422355241935484,False
IS_2026,SONIC,2026-03-17,50,50,6,1773720000000,1773837119999,TP,28.68035022432457,66.0,68.8,open@04:00,0.042424242424242475,0.0465,0.046476750000000004,0.04460755813953488,0.0525187275,0.044794477325581394,False
IS_2026,SONIC,2026-05-10,50,50,9,1778385600000,1778467199999,SL,-143.95778570375077,59.1,63.4,open@04:00,0.07275803722504226,0.04294,0.04291853,0.040027665615141955,0.0484979389,0.04031675205362776,False
IS_2026,SOPH,2026-01-04,50,50,8,1767499200000,1767587459999,TP,64.23346520568178,18.9,20.4,open@04:00,0.0793650793650793,0.014123,0.014115938500000001,0.01308454411764706,0.015951010504999998,0.013187683555882354,False
IS_2026,STEEM,2026-02-18,50,50,11,1771387200000,1771468619999,TP,148.3069658332463,76.9,95.3,open@04:00,0.23927178153446027,0.06326,0.06322837,0.05104610703043022,0.0714480581,0.0522643333273872,False
IS_2026,STEEM,2026-02-24,50,50,21,1771905600000,1772028000000,TIME,-40.99002911113625,68.2,97.7,open@04:00,0.4325513196480939,0.06171,0.061679145000000005,0.04307699078812692,0.06969743385,0.044937206209314226,False
IS_2026,STEEM,2026-03-01,43,42,19,1772337600000,1772460000000,TIME,13.502480454820564,82.4,92.0,open@04:00,0.11650485436893199,0.06277,0.06273861500000001,0.056220086956521746,0.07089463495000001,0.05687193976086957,False
IS_2026,STEEM,2026-03-08,50,50,13,1772942400000,1773064800000,TIME,-31.494600014679307,83.7,88.0,open@04:00,0.05137395459976091,0.05916,0.05913042,0.056269227272727276,0.06681737459999999,0.05655534654545455,False
IS_2026,STEEM,2026-03-14,47,50,11,1773460800000,1773583200000,TIME,4.600685329196121,86.8,92.7,open@04:00,0.06797235023041481,0.06311,0.063078445,0.05909329018338726,0.07127864284999999,0.05949180566504854,False
IS_2026,STEEM,2026-03-29,50,50,10,1774756800000,1774780439999,TP,43.41246125049801,87.3,92.4,open@04:00,0.05841924398625431,0.06009,0.060059955,0.05677334415584415,0.06786774914999999,0.05710200524025974,False
IS_2026,STEEM,2026-05-23,50,50,10,1779508800000,1779523019999,TP,32.25934260488187,77.8,81.3,open@04:00,0.04498714652956304,0.0542,0.0541729,0.051866666666666665,0.061215376999999994,0.05209729,False
IS_2026,STORJ,2026-02-16,50,50,22,1771214400000,1771336800000,TIME,54.98094772980164,151.0,170.0,open@04:00,0.1258278145695364,0.1137,0.11364315,0.10099235294117646,0.12841675949999998,0.10225743264705882,False
IS_2026,SUPER,2026-01-25,50,50,8,1769313600000,1769356499999,TP,31.874892229643713,295.0,308.0,open@04:00,0.04406779661016946,0.2074,0.20729630000000002,0.1986461038961039,0.234244819,0.19951112350649353,False
IS_2026,SUPER,2026-02-16,50,50,19,1771214400000,1771336800000,TIME,10.779967790586856,185.0,201.0,open@04:00,0.08648648648648649,0.1345,0.13443275000000002,0.12379353233830846,0.1519090075,0.12485745410447761,False
IS_2026,SUPER,2026-03-26,50,50,17,1774497600000,1774575599999,TP,71.31935887637549,172.0,195.0,open@04:00,0.13372093023255816,0.1296,0.1295352,0.11431384615384614,0.14637477599999998,0.11583598153846153,False
IS_2026,SUPER,2026-05-24,50,50,16,1779595200000,1779717600000,TIME,20.660009515086706,172.0,198.0,open@04:00,0.15116279069767447,0.1307,0.13063465000000002,0.11353737373737374,0.14761715450000001,0.11524710136363638,False
IS_2026,T,2026-04-05,50,50,10,1775361600000,1775392319999,TP,37.9705991573488,9.3,9.78,open@04:00,0.05161290322580636,0.006388,0.006384806,0.006074478527607362,0.007214830779999999,0.006105511274846626,False
IS_2026,TAIKO,2026-01-09,50,50,21,1767931200000,1768005419999,TP,41.11864016586012,265.0,278.0,open@04:00,0.049056603773584895,0.1904,0.19030480000000002,0.18149640287769786,0.215044424,0.18237724258992807,False
IS_2026,TAIKO,2026-01-26,50,50,53,1769400000000,1769476379999,TP,267.92770112922886,260.0,376.0,open@04:00,0.4461538461538461,0.2551,0.25497245,0.17639893617021277,0.2881188685,0.18425628755319148,False
IS_2026,TAIKO,2026-02-18,50,50,6,1771387200000,1771504019999,TP,38.4726183956251,187.0,196.0,last_close_03xx,0.048128342245989275,0.1311,0.13103445,0.12508010204081632,0.14806892849999997,0.12567553683673469,False
IS_2026,THETA,2026-04-04,50,50,10,1775275200000,1775286299999,SL,-130.85199999999983,223.0,234.0,open@04:00,0.049327354260089606,0.1538,0.1537231,0.1465700854700855,0.17370710299999997,0.14728538692307694,False
IS_2026,VANA,2026-01-14,50,50,7,1768363200000,1768447679999,TP,25.708334269905507,3527.0,3640.0,open@04:00,0.03203855968244973,2.485,2.4837575,2.407855769230769,2.8066459749999995,2.415445942307692,False
IS_2026,VANA,2026-03-29,50,50,24,1774756800000,1774879200000,TIME,44.364360288659846,1806.0,2045.0,open@04:00,0.13233665559246965,1.327,1.3263365,1.1719129584352077,1.498760245,1.187355312591687,False
IS_2026,VTHO,2026-02-12,50,50,54,1770868800000,1770991200000,TIME,71.04024409544648,0.824,0.97,open@04:00,0.1771844660194175,0.0006541,0.00065377295,0.0005556478350515464,0.0007387634335,0.0005654603465463918,False
IS_2026,VTHO,2026-02-22,50,50,32,1771732800000,1771804919999,TP,93.16991070088724,0.871,0.993,open@04:00,0.140068886337543,0.0006668,0.0006664666000000001,0.00058487693856999,0.000753107258,0.0005930359047129909,False
IS_2026,VTHO,2026-04-02,50,50,16,1775102400000,1775135759999,TP,29.003602741905297,0.824,0.855,open@04:00,0.03762135922330101,0.0005545,0.00055422275,0.0005343953216374269,0.0006262717075,0.0005363780644736842,False
IS_2026,VTHO,2026-05-30,50,50,14,1780113600000,1780124759999,SL,-134.73944387008314,0.711,0.875,open@04:00,0.23066104078762306,0.000567,0.0005667165,0.00046072800000000004,0.000640389645,0.00047132685000000007,False
IS_2026,WAL,2026-01-09,50,50,33,1767931200000,1768017659999,TP,82.5899206783555,206.0,230.0,open@04:00,0.11650485436893199,0.1565,0.15642175,0.14016956521739132,0.17675657749999998,0.14179478369565218,False
IS_2026,WAL,2026-03-18,50,50,25,1773806400000,1773833519999,TP,47.18629312736513,122.0,129.0,last_close_03xx,0.05737704918032782,0.0877,0.08765615,0.08294108527131783,0.0990514495,0.08341259174418604,False
IS_2026,WAXP,2026-03-10,50,50,9,1773115200000,1773237600000,TIME,-21.414821291126092,9.09,9.41,open@04:00,0.035203520352035333,0.006409,0.0064057955,0.006191053134962804,0.007238548914999999,0.006212527371466524,False
IS_2026,WAXP,2026-03-20,50,50,16,1773979200000,1774007999999,SL,-158.65838323868456,9.45,11.1,open@04:00,0.17460317460317465,0.007224,0.007220388000000001,0.006150162162162162,0.00815903844,0.006257184745945946,False
IS_2026,YGG,2026-01-22,50,20,5,1769054400000,1769086799999,TP,37.78246395528881,94.5,98.8,open@04:00,0.04550264550264549,0.06652,0.06648674,0.0636248987854251,0.0751300162,0.06391108290688259,False
IS_2026,YGG,2026-02-21,50,50,27,1771646400000,1771768800000,TIME,78.2696687599836,59.2,75.0,open@04:00,0.2668918918918919,0.05054,0.05051473000000001,0.039892906666666665,0.057081644900000006,0.040955089,False
IS_2026,YGG,2026-03-15,50,50,12,1773547200000,1773580259999,TP,48.170265962069955,58.6,62.1,open@04:00,0.05972696245733777,0.042,0.041979,0.0396328502415459,0.047436269999999996,0.03986746521739131,False
IS_2026,YGG,2026-03-31,50,50,17,1774929600000,1775002439999,TP,25.538101677379974,52.2,53.9,open@04:00,0.03256704980842895,0.03521,0.035192395,0.03409948051948052,0.03976740635,0.03420877196753247,False
IS_2026,ZETA,2026-04-05,50,50,14,1775361600000,1775392859999,TP,80.60779143659106,75.0,84.1,open@04:00,0.1213333333333333,0.05443,0.054402785,0.048540428061831155,0.06147514705,0.04912666375564804,False
IS_2026,ZETA,2026-04-17,50,50,13,1776398400000,1776520800000,TIME,67.74070382996538,79.2,92.5,open@04:00,0.16792929292929282,0.06196,0.06192902,0.053051156756756764,0.0699797926,0.05393894308108109,False
IS_2026,ZIL,2026-01-12,50,50,17,1768190400000,1768312800000,TIME,1.1154842998091485,7.61,8.66,open@04:00,0.13797634691195793,0.00581,0.005807095,0.005105554272517321,0.006562017349999999,0.005175708345265589,False
IS_2026,ZIL,2026-03-18,50,50,6,1773806400000,1773834059999,TP,27.404597136384638,6.41,6.63,open@04:00,0.0343213728549141,0.00451,0.0045077450000000005,0.0043603469079939675,0.00509375185,0.0043750867171945705,False
IS_2026,ZK,2026-02-01,50,50,197,1769918400000,1769938619999,SL,-135.08502135530503,33.1,227.0,open@04:00,5.858006042296072,0.02671,0.026696645,0.0038947180616740094,0.03016720885,0.006174910755506607,False
IS_2026,ZKC,2026-01-03,45,50,10,1767412800000,1767535200000,TIME,16.49500866222598,170.0,180.0,last_close_03xx,0.05882352941176472,0.1235,0.12343825,0.11663888888888889,0.13948522249999998,0.117318825,False
IS_2026,ZKP,2026-02-01,50,50,49,1769918400000,1770002339999,TP,254.6695518276639,126.0,185.0,open@04:00,0.46825396825396814,0.12047,0.120409765,0.08204983783783784,0.13606303444999998,0.08588583055405405,False
IS_2026,ZORA,2026-02-01,50,50,41,1769918400000,1770040800000,TIME,315.6809248721054,33.0,70.7,open@04:00,1.1424242424242426,0.0393,0.039280350000000006,0.018343705799151344,0.0443867955,0.02043737021923621,False
OOS_2025,0G,2025-10-21,50,50,17,1761019200000,1761053819999,TP,78.42034821911174,2915.0,3268.0,open@04:00,0.12109777015437384,2.1122,2.1111439,1.884046205630355,2.385592607,1.9067559750673195,False
OOS_2025,0G,2025-11-08,48,50,21,1762574400000,1762581839999,SL,-140.1581251429201,1654.0,1968.0,open@04:00,0.1898428053204353,1.2844,1.2837578,1.079470325203252,1.4506463139999999,1.0998990726829267,False
OOS_2025,0G,2025-12-25,50,50,9,1766635200000,1766662739999,SL,-132.641853134402,1186.0,1262.0,open@04:00,0.06408094435075884,0.8526,0.8521737,0.8012548335974644,0.962956281,0.8063467202377179,False
OOS_2025,AERGO,2025-05-03,50,50,17,1746244800000,1746367200000,TIME,81.94059520874985,237.0,276.8,open@04:00,0.16793248945147687,0.1947,0.19460265000000002,0.16670484104046243,0.2199009945,0.16949462193641618,False
OOS_2025,AERGO,2025-05-24,47,50,6,1748059200000,1748181600000,TIME,-109.5263503049899,183.8,205.3,open@04:00,0.11697497279651792,0.14703,0.146956485,0.1316323136872869,0.16606082804999997,0.1331647308185582,False
OOS_2025,AERGO,2025-06-10,41,50,5,1749528000000,1749606719999,TP,30.263024371831264,160.4,166.5,open@04:00,0.03802992518703241,0.12158,0.12151921,0.11712571771771771,0.13731670729999998,0.11756506694594594,False
OOS_2025,AERGO,2025-09-08,50,50,6,1757304000000,1757426400000,TIME,0.2816257625398578,149.0,156.0,open@04:00,0.046979865771812124,0.11124,0.11118438000000001,0.10624846153846154,0.12563834940000002,0.10674205338461538,False
OOS_2025,AKT,2025-03-11,50,50,43,1741665600000,1741751339999,SL,-135.67755274363842,1579.0,1823.0,open@04:00,0.1545281823939202,1.222,1.221389,1.0584410312671422,1.3801695699999998,1.074735828140428,False
OOS_2025,AKT,2025-03-24,50,50,16,1742788800000,1742911200000,TIME,31.355993518847914,1974.0,2212.0,open@04:00,0.12056737588652489,1.494,1.4932530000000002,1.3332531645569619,1.68737589,1.3492531481012657,False
OOS_2025,AKT,2025-06-03,50,50,9,1748923200000,1749045600000,TIME,22.092250514430855,1838.0,1918.0,open@04:00,0.043525571273123065,1.367,1.3663165000000002,1.3099822732012512,1.543937645,1.315615695881126,False
OOS_2025,AKT,2025-07-13,50,50,22,1752379200000,1752455459999,TP,37.14007846842186,1779.0,1859.0,open@04:00,0.04496908375491859,1.354,1.3533230000000003,1.2957321140398064,1.52925499,1.3014912026358259,False
OOS_2025,AKT,2025-08-14,49,50,5,1755144000000,1755174899999,TP,54.28659705822361,1833.0,1953.0,open@04:00,0.06546644844517191,1.435,1.4342825000000001,1.3468279569892472,1.620739225,1.3555734112903224,False
OOS_2025,ANIME,2025-12-20,50,50,16,1766203200000,1766213699999,SL,-133.43967123635215,8.31,8.96,open@04:00,0.0782190132370637,0.005994,0.005991003000000001,0.005559167410714287,0.0067698333900000005,0.005602350969642858,False
OOS_2025,API3,2025-10-13,45,50,13,1760328000000,1760331839999,TP,34.06010719645532,1103.0,1148.0,open@04:00,0.040797824116047154,0.7532,0.7528234,0.7236756097560976,0.850690442,0.7265903887804879,False
OOS_2025,API3,2025-12-21,50,50,21,1766289600000,1766325179999,TP,93.71271820577857,614.0,693.0,open@04:00,0.12866449511400657,0.4649,0.46466755,0.41190274170274166,0.5250743314999999,0.4171792225324675,False
OOS_2025,API3,2025-12-26,50,50,17,1766721600000,1766844000000,TIME,2.3890548916275605,634.0,680.0,open@04:00,0.0725552050473186,0.4668,0.4665666,0.43522235294117645,0.5272202579999999,0.4383567776470588,False
OOS_2025,ARK,2025-04-06,50,50,11,1743912000000,1743925739999,SL,-130.85199999999992,453.4,471.5,open@04:00,0.039920599911777765,0.3176,0.31744120000000003,0.3054079321314952,0.358708556,0.3066112589183457,False
OOS_2025,ARK,2025-04-20,48,50,19,1745121600000,1745244000000,TIME,92.32854955622875,650.8,767.5,open@04:00,0.17931776275353428,0.5294,0.5291353,0.4489036091205211,0.5979228889999999,0.45692677820846894,False
OOS_2025,ARK,2025-07-20,50,50,14,1752984000000,1753106400000,TIME,52.69568847620863,660.5,738.5,open@04:00,0.11809235427706288,0.538,0.5377310000000001,0.4811767095463778,0.60763603,0.48683213859174,False
OOS_2025,ARK,2025-09-14,50,50,9,1757822400000,1757849579999,TP,42.411650245568296,658.0,693.0,open@04:00,0.05319148936170204,0.4996,0.4993502,0.47436767676767677,0.564265726,0.4768659290909091,False
OOS_2025,ARK,2025-11-11,50,50,9,1762833600000,1762838939999,SL,-131.71874932383028,460.0,474.0,open@04:00,0.0304347826086957,0.3187,0.31854065,0.3092869198312236,0.35995093449999993,0.3102122928481012,False
OOS_2025,ARK,2025-12-28,50,50,7,1766894400000,1766947979999,TP,59.07218679052399,380.0,408.0,open@04:00,0.0736842105263158,0.2782,0.2780609,0.2591078431372549,0.314208817,0.2610031488235294,False
OOS_2025,ATH,2025-05-02,50,50,14,1746158400000,1746280800000,TIME,59.75694881964451,45.33,48.85,open@04:00,0.0776527685859254,0.03389,0.033873055000000006,0.03144797748208803,0.038276552150000004,0.031690485233879226,False
OOS_2025,AUCTION,2025-05-10,50,50,11,1746849600000,1746972000000,TIME,45.23817565086654,17640.0,19370.0,open@04:00,0.09807256235827655,13.864,13.857068000000002,12.625759421786269,15.65848684,12.748890279607641,False
OOS_2025,AXS,2025-05-14,47,50,9,1747195200000,1747285859999,TP,67.00949622410145,4568.0,4955.0,open@04:00,0.08471978984238171,3.504,3.5022480000000002,3.2303273461150357,3.9575402399999997,3.257519411503532,False
OOS_2025,AXS,2025-08-31,50,50,22,1756612800000,1756735200000,TIME,109.69406543182254,3194.0,3750.0,open@04:00,0.17407639323731994,2.686,2.684657,2.2877557333333334,3.03366241,2.32744586,False
OOS_2025,BIGTIME,2025-03-18,50,50,6,1742270400000,1742278619999,TP,31.515295301144395,70.47,73.13,open@04:00,0.037746558819355736,0.04988,0.04985506000000001,0.048065685765075895,0.056336217800000005,0.04824462318856831,False
OOS_2025,BIGTIME,2025-06-24,50,50,13,1750737600000,1750753139999,TP,28.498548443735892,71.58,74.02,open@04:00,0.03408773400391163,0.05347,0.053443265,0.0517074115104026,0.06039088944999999,0.05188099685936234,False
OOS_2025,BIGTIME,2025-07-27,50,50,12,1753588800000,1753708439999,TP,76.16092231124327,91.54,100.1,open@04:00,0.09351103342800937,0.07323,0.07319338500000001,0.06696777422577424,0.08270852505000001,0.06759033530319682,False
OOS_2025,BIGTIME,2025-08-29,50,50,23,1756440000000,1756456199999,TP,71.1478404570409,79.3,86.5,open@04:00,0.09079445145018927,0.06206,0.06202897,0.056894312138728316,0.0700927361,0.057407777924855484,False
OOS_2025,BIGTIME,2025-12-29,50,50,13,1766980800000,1767010079999,TP,48.85863612741247,29.7,31.5,open@04:00,0.06060606060606055,0.02176,0.021749120000000004,0.020516571428571433,0.024576505600000003,0.02063982628571429,False
OOS_2025,BSV,2025-05-22,50,50,8,1747886400000,1748002619999,TP,64.21885763477775,51460.0,55520.0,open@04:00,0.07889623008161673,39.34,39.320330000000006,36.4631916426513,44.431972900000005,36.74890547838617,False
OOS_2025,BSV,2025-06-17,50,50,9,1750132800000,1750230539999,TP,57.42847968943903,42610.0,45630.0,open@04:00,0.07087538136587646,33.08,33.06346,30.890615822923518,37.36170979999999,31.107900240631167,False
OOS_2025,BSV,2025-07-05,44,50,6,1751688000000,1751739719999,TP,39.56198405405156,32240.0,33790.0,open@04:00,0.04807692307692313,24.65,24.637675,23.51926605504587,27.84057275,23.63110694954128,False
OOS_2025,BSV,2025-08-24,50,50,6,1756008000000,1756130400000,TIME,26.322066218561364,37130.0,39450.0,open@04:00,0.062483167250201976,27.77,27.756115,26.136884664131813,31.36440995,26.298807697718633,False
OOS_2025,CARV,2025-11-28,50,50,12,1764302400000,1764310619999,TP,26.165563651391036,223.0,230.0,last_close_03xx,0.03139013452914807,0.1532,0.15312340000000002,0.14853739130434782,0.173029442,0.14899599217391304,False
OOS_2025,CKB,2025-02-28,50,50,44,1740715200000,1740837600000,TIME,56.517819628807075,8.949,10.11,open@04:00,0.12973516594032852,0.006829,0.0068255855,0.006044779525222552,0.007712911614999999,0.006122860122700297,False
OOS_2025,CKB,2025-04-13,50,50,21,1744516800000,1744573199999,TP,40.21930520190664,6.465,6.797,open@04:00,0.051353441608662065,0.004658,0.004655671,0.004430479623363248,0.00526090823,0.0044529987610269234,False
OOS_2025,CKB,2025-07-26,50,50,25,1753502400000,1753512299999,SL,-130.85199999999998,7.138,8.499,open@04:00,0.19066965536564884,0.006213,0.0062098935,0.0052180720084715835,0.007017179655,0.005317254157624425,False
OOS_2025,CKB,2025-08-27,50,50,16,1756267200000,1756325099999,TP,131.62791198251074,6.84,8.04,open@04:00,0.17543859649122795,0.005735,0.0057321325,0.004879029850746269,0.006477309724999999,0.004964340115671642,False
OOS_2025,CKB,2025-12-02,50,50,37,1764648000000,1764770400000,TIME,-50.330912188968234,3.73,4.36,open@04:00,0.16890080428954435,0.002467,0.0024657665,0.0021105298165137614,0.002786316145,0.0021460534848623852,False
OOS_2025,COW,2025-04-26,50,50,6,1745640000000,1745667779999,TP,45.24442444540438,438.3,462.1,open@04:00,0.054300707278120086,0.3201,0.31993995000000003,0.30361356849166843,0.3615321435,0.30524620664250157,False
OOS_2025,CVC,2025-02-11,50,50,9,1739246400000,1739368800000,TIME,-1.4007003501749473,175.3,183.7,open@04:00,0.04791785510553326,0.10201,0.10195899500000001,0.09734541643984759,0.11521366435,0.09780677429586283,False
OOS_2025,CYBER,2025-11-20,50,50,23,1763611200000,1763683559999,TP,115.81234651958215,1240.0,1449.0,open@04:00,0.1685483870967741,0.95,0.9495250000000001,0.8129744651483782,1.07296325,0.8266295186335404,False
OOS_2025,CYBER,2025-11-27,50,50,20,1764216000000,1764338400000,TIME,10.82680613163725,1182.0,1456.0,open@04:00,0.2318104906937395,0.84,0.83958,0.6819230769230769,0.9487253999999999,0.6976887692307692,False
OOS_2025,CYBER,2025-11-29,44,50,27,1764388800000,1764511200000,TIME,-51.65294916950984,1227.0,1309.0,open@04:00,0.06682966585167072,0.8375,0.8370812500000001,0.7850362872421697,0.9459018125,0.7902407835179527,False
OOS_2025,CYBER,2025-12-11,50,50,9,1765425600000,1765442399999,TP,29.21441696309967,1253.0,1300.0,open@04:00,0.03750997605746198,0.8649,0.8644675500000001,0.8336305384615386,0.9768483315000001,0.8367142396153847,False
OOS_2025,DEEP,2025-07-14,50,50,5,1752465600000,1752588000000,TIME,-27.9169607810254,233.1,250.4,open@04:00,0.07421707421707424,0.18421,0.18411789500000003,0.17148303115015975,0.20805322135,0.17274651753514378,False
OOS_2025,DEEP,2025-11-07,50,50,10,1762488000000,1762514639999,TP,38.36126052846104,89.2,93.3,open@04:00,0.04596412556053808,0.06238,0.062348810000000005,0.05963875669882101,0.0704541553,0.05990976202893891,False
OOS_2025,DOOD,2025-12-07,50,50,17,1765080000000,1765117439999,TP,111.88798804042338,7.28,8.48,open@04:00,0.16483516483516492,0.005586,0.005583207,0.004795528301886792,0.006309023909999999,0.0048742961716981125,False
OOS_2025,EGLD,2025-04-25,50,50,19,1745553600000,1745676000000,TIME,50.531855232959245,23330.0,26360.0,open@04:00,0.1298756965280754,18.268,18.258866,16.168150227617602,20.63251858,16.377221804855843,False
OOS_2025,EGLD,2025-05-09,50,50,21,1746763200000,1746885600000,TIME,46.85827569611884,23920.0,28680.0,open@04:00,0.19899665551839463,20.173,20.1629135,16.824900976290095,22.784092254999997,17.158702228661085,False
OOS_2025,EGLD,2025-12-05,47,50,17,1764907200000,1764946979999,SL,-132.96763380990348,11550.0,15270.0,open@04:00,0.3220779220779222,7.427,7.4232865,5.617671905697446,8.388313745,5.798233365127701,False
OOS_2025,ERA,2025-10-12,50,23,22,1760241600000,1760283119999,SL,-130.77732100378927,564.0,603.0,open@04:00,0.06914893617021267,0.3851,0.38490745000000004,0.3601930348258707,0.4349454185,0.3626644763432836,False
OOS_2025,ERA,2025-11-24,42,50,15,1763956800000,1764038219999,TP,33.10510307141812,405.0,423.0,open@04:00,0.04444444444444451,0.2785,0.27836075000000005,0.2666489361702128,0.3145476475,0.2678201175531915,False
OOS_2025,F,2025-12-19,50,50,33,1766116800000,1766239200000,TIME,-22.117805819905886,8.35,10.9,open@04:00,0.3053892215568863,0.007084,0.007080458,0.005426733944954128,0.00800091754,0.005592106350458715,False
OOS_2025,FLOCK,2025-10-07,47,50,5,1759809600000,1759825979999,TP,29.68205881008307,411.0,426.0,open@04:00,0.03649635036496357,0.2957,0.29555215,0.2852880281690141,0.3339739295,0.2863144403521127,False
OOS_2025,FLUID,2025-10-22,50,50,24,1761105600000,1761110819999,TP,25.244018479828007,6765.0,6970.0,open@04:00,0.030303030303030276,4.621,4.6186895,4.485088235294119,5.219119135,4.498448361764707,False
OOS_2025,FLUID,2025-11-10,50,50,29,1762747200000,1762869600000,TIME,-1.4293665136576466,5855.0,6070.0,open@04:00,0.0367207514944492,4.092,4.089954,3.9470609555189453,4.621648019999999,3.961350259967051,False
OOS_2025,FLUID,2025-11-17,50,23,7,1763352000000,1763395379999,TP,36.36577078715026,5165.0,5390.0,open@04:00,0.04356243949661187,3.609,3.6071955,3.458346011131725,4.076130914999999,3.4732309600185527,False
OOS_2025,FLUID,2025-11-22,50,50,158,1763784000000,1763906400000,TIME,189.77011269955364,4392.0,6225.0,open@04:00,0.4173497267759563,4.12,4.11794,2.906833734939759,4.653272199999999,3.0279443614457833,False
OOS_2025,G,2025-03-14,50,50,14,1741924800000,1742047200000,TIME,-30.622512615986405,21.42,22.07,open@04:00,0.030345471521942002,0.01493,0.014922535,0.01449028545536928,0.016862464549999998,0.014533510409832353,False
OOS_2025,GAS,2025-07-20,50,50,7,1752984000000,1753106400000,TIME,0.016931022345402558,4572.0,4883.0,open@04:00,0.0680227471566055,3.563,3.5612185000000003,3.3360712676633217,4.024176905,3.3585859908969895,False
OOS_2025,GAS,2025-08-05,50,50,10,1754366400000,1754488800000,TIME,1.8057895604401786,4276.0,4633.0,open@04:00,0.08348924228250709,3.311,3.3093445,3.0558679041657673,3.7395592849999995,3.0812155637491907,False
OOS_2025,GLM,2025-01-11,42,50,11,1736568000000,1736669879999,TP,25.10232473397189,604.2,629.1,open@04:00,0.04121151936444889,0.41521,0.415002395,0.3987758416785885,0.46895270634999997,0.40039849701072966,False
OOS_2025,GLM,2025-03-13,50,50,10,1741838400000,1741874039999,TP,54.891588027949375,426.0,456.0,open@04:00,0.07042253521126751,0.30645,0.306296775,0.2862888157894737,0.34611535574999996,0.2882896117105263,False
OOS_2025,GLM,2025-07-27,47,50,8,1753588800000,1753599719999,SL,-130.8519999999998,372.8,385.2,open@04:00,0.03326180257510725,0.28258,0.28243871000000004,0.27348344755970927,0.3191557423,0.2743789738037383,False
OOS_2025,GMT,2025-02-09,50,50,15,1739073600000,1739196000000,TIME,16.653395829142628,111.4,121.8,open@04:00,0.09335727109515246,0.07125,0.071214375,0.06516625615763547,0.08047224374999999,0.06577106804187192,False
OOS_2025,HIVE,2025-01-05,50,50,30,1736049600000,1736062499999,SL,-130.85199999999992,584.5,721.2,open@04:00,0.23387510692899927,0.4872,0.48695640000000007,0.39485357737104826,0.550260732,0.4040638596339434,False
OOS_2025,HIVE,2025-01-11,50,50,24,1736568000000,1736690400000,TIME,-0.709068242468156,744.6,832.6,open@04:00,0.11818426000537197,0.54798,0.5477060100000001,0.4900623444631276,0.6189077913000001,0.4958267110168148,False
OOS_2025,HIVE,2025-01-24,50,50,12,1737691200000,1737713099999,SL,-132.30018575217017,582.0,613.3,open@04:00,0.05378006872852237,0.40692,0.40671654,0.3861526822109897,0.45958969019999996,0.38820906798989074,False
OOS_2025,HIVE,2025-01-27,40,47,13,1737950400000,1737962339999,TP,40.61551390653777,619.6,649.8,open@04:00,0.04874112330535829,0.42535,0.425137325,0.4055815020006156,0.48040517725,0.407537084300554,False
OOS_2025,HIVE,2025-02-12,50,50,11,1739332800000,1739367179999,TP,22.861871824852827,472.6,488.5,open@04:00,0.03364367329665674,0.32085,0.32068957500000006,0.3104067758444217,0.36237921975000004,0.31143505575997954,False
OOS_2025,HIVE,2025-03-02,50,50,8,1740888000000,1740984659999,TP,25.8513600862426,432.4,449.0,open@04:00,0.03839037927844591,0.30097,0.30081951500000004,0.28984282405345213,0.33992605195000003,0.29094049314810694,False
OOS_2025,HIVE,2025-03-25,50,50,15,1742875200000,1742997600000,TIME,55.85842430629264,357.4,406.8,open@04:00,0.1382204812534975,0.27353,0.273393235,0.24031372173058013,0.30893435555,0.2436216730575221,False
OOS_2025,HIVE,2025-05-03,50,50,16,1746244800000,1746316919999,TP,52.628078212547436,363.0,391.1,open@04:00,0.07741046831955933,0.27253,0.272393735,0.2529490923037586,0.30780492055,0.25489355657338275,False
OOS_2025,HIVE,2025-12-28,50,50,17,1766894400000,1766967599999,TP,134.41498404619023,139.0,166.0,open@04:00,0.19424460431654667,0.11149,0.11143425500000001,0.0933560843373494,0.12592070815,0.09516390140361447,False
OOS_2025,HOLO,2025-11-22,50,50,27,1763784000000,1763826599999,SL,-134.94885425632373,137.0,155.0,open@04:00,0.13138686131386867,0.1007,0.10064965000000001,0.08900580645161289,0.1137341045,0.09017019080645161,False
OOS_2025,ID,2025-03-12,50,50,30,1741752000000,1741874400000,TIME,-40.02766623582592,301.4,324.8,open@04:00,0.07763769077637694,0.21713,0.217021435,0.20148701354679802,0.24523422155,0.2030404556921182,False
OOS_2025,IMX,2025-05-02,50,50,9,1746158400000,1746270299999,TP,94.10640869319408,848.5,950.0,open@04:00,0.11962286387743082,0.6588,0.6584706000000001,0.5884124210526316,0.7440717780000001,0.5954182389473685,False
OOS_2025,IOST,2025-01-09,50,50,31,1736395200000,1736517600000,TIME,0.03541608227435589,10.37,11.29,open@04:00,0.0887174541947926,0.007498,0.007494251,0.006887002657218778,0.008468503629999999,0.0069477274914969,False
OOS_2025,IOST,2025-11-25,50,50,7,1764043200000,1764056819999,SL,-130.8519999999998,2.82,2.91,last_close_03xx,0.03191489361702149,0.001921,0.0019200395,0.0018615876288659789,0.0021696446349999997,0.0018674328159793809,False
OOS_2025,IOTA,2025-01-02,50,50,10,1735790400000,1735912800000,TIME,-29.91510700721257,476.8,519.7,open@04:00,0.0899748322147651,0.3478,0.3476261,0.319089936501828,0.39281749299999996,0.32194355285164517,False
OOS_2025,JTO,2025-05-10,50,50,27,1746849600000,1746972000000,TIME,8.750297873594302,2752.0,2866.0,open@04:00,0.04142441860465107,2.0509,2.04987455,1.9693219818562457,2.3163582415,1.9773772386706212,False
OOS_2025,KAITO,2025-09-09,50,50,10,1757390400000,1757512800000,TIME,51.03898672891961,1512.0,1997.0,open@04:00,0.3207671957671958,1.4209,1.4201895500000001,1.0758141211817727,1.6048141915,1.1102516640635953,False
OOS_2025,KAITO,2025-09-17,50,43,5,1758081600000,1758131999999,TP,38.69592587921364,1550.0,1639.0,open@04:00,0.057419354838709635,1.173,1.1724135,1.1093044539353265,1.324827255,1.1156153585417938,False
OOS_2025,KAITO,2025-12-27,50,50,30,1766808000000,1766930400000,TIME,101.12745835480678,732.0,911.0,open@04:00,0.24453551912568305,0.6157,0.61539215,0.4947227222832053,0.6953931295,0.5067896650548848,False
OOS_2025,KNC,2025-07-20,47,47,7,1752984000000,1752996659999,SL,-130.85199999999995,591.8,625.3,open@04:00,0.056606961811422885,0.4572,0.4569714,0.4327058371981448,0.516377682,0.4351323934783303,False
OOS_2025,KNC,2025-07-28,50,50,20,1753675200000,1753797600000,TIME,157.25980658296524,605.3,774.3,open@04:00,0.2792003964976044,0.5638,0.5635181,0.4407440785225365,0.6367754529999999,0.45302148067028286,False
OOS_2025,LA,2025-09-24,48,50,18,1758686400000,1758758939999,TP,158.84058561420795,550.0,675.0,open@04:00,0.2272727272727273,0.4693,0.46906535000000005,0.38239259259259256,0.5300438455,0.3910598683333333,False
OOS_2025,LAYER,2025-12-25,50,50,15,1766635200000,1766757600000,TIME,-5.842047129228959,246.0,273.0,open@04:00,0.10975609756097571,0.1836,0.1835082,0.16544175824175825,0.207364266,0.16724840241758243,False
OOS_2025,LPT,2025-08-17,50,50,9,1755403200000,1755456899999,TP,44.20542594043912,9475.0,9980.0,open@04:00,0.053298153034300855,7.181,7.1774095,6.817632765531061,8.110472735,6.853610438977955,False
OOS_2025,LSK,2025-01-13,50,50,21,1736740800000,1736746679999,TP,35.41975288529226,1626.0,1695.0,open@04:00,0.04243542435424352,1.116,1.1154420000000003,1.070569911504425,1.2604494600000002,1.0750571203539825,False
OOS_2025,LSK,2025-07-24,50,50,22,1753329600000,1753332899999,TP,25.443720623843284,669.3,689.7,open@04:00,0.030479605558045852,0.5035,0.50324825,0.48860743801652884,0.5686705224999999,0.49007151921487596,False
OOS_2025,LSK,2025-11-11,50,50,24,1762833600000,1762843859999,SL,-132.58839583474375,305.0,363.0,open@04:00,0.19016393442622959,0.2357,0.23558215000000002,0.19803994490358126,0.2662078295,0.20179416541322315,False
OOS_2025,MANA,2025-08-31,50,50,8,1756612800000,1756683959999,TP,39.78907926968838,398.0,417.0,open@04:00,0.047738693467336724,0.2993,0.29915035,0.28566282973621104,0.33803989549999997,0.28701158176258995,False
OOS_2025,MASK,2025-05-11,50,50,14,1746936000000,1746978899999,TP,59.366727034401244,1909.0,2047.0,open@04:00,0.07228915662650603,1.4678,1.4670661,1.3688471910112359,1.657784693,1.3786690819101124,False
OOS_2025,MASK,2025-07-13,50,17,7,1752379200000,1752501600000,TIME,-9.881277891717005,1810.0,1867.0,open@04:00,0.03149171270718232,1.3712,1.3705144,1.3293369041242635,1.5486812719999998,1.3334546537118372,False
OOS_2025,MASK,2025-12-28,50,50,20,1766894400000,1766967359999,TP,58.10353949849947,883.0,949.0,open@04:00,0.07474518686296716,0.6488,0.6484756,0.6036779768177029,0.732777428,0.6081577391359325,False
OOS_2025,ME,2025-04-11,41,50,10,1744344000000,1744466400000,TIME,2.497517542276392,1315.0,1434.0,open@04:00,0.09049429657794672,0.97,0.969515,0.8895048814504881,1.09555195,0.8975058933054393,False
OOS_2025,ME,2025-07-13,50,50,5,1752379200000,1752501600000,TIME,-23.27902216197119,1094.0,1142.0,open@04:00,0.04387568555758681,0.8367,0.8362816500000001,0.8015322241681261,0.9449982645,0.8050071667513135,False
OOS_2025,ME,2025-09-22,50,50,27,1758513600000,1758520979999,TP,143.61461506263336,1028.0,1225.0,open@04:00,0.19163424124513617,0.8574,0.8569713000000001,0.7195160816326531,0.968377569,0.7332616034693878,False
OOS_2025,ME,2025-10-27,50,50,5,1761537600000,1761551279999,SL,-130.85199999999992,671.0,710.0,open@04:00,0.058122205663189375,0.478,0.477761,0.4517436619718309,0.5398699299999999,0.45434539577464783,False
OOS_2025,MIRA,2025-12-21,50,50,10,1766289600000,1766305319999,TP,43.793870890701676,193.0,204.0,open@04:00,0.05699481865284972,0.1362,0.1361319,0.12885588235294115,0.153829047,0.12958348411764703,False
OOS_2025,MOCA,2025-01-14,50,50,13,1736827200000,1736910359999,TP,34.32368709083479,318.9,332.0,open@04:00,0.04107870805895275,0.2219,0.22178905,0.21314430722891564,0.25062162649999997,0.21400878150602407,False
OOS_2025,MOCA,2025-02-23,50,50,25,1740283200000,1740367679999,TP,59.668374132837414,197.2,212.6,open@04:00,0.07809330628803246,0.1444,0.1443278,0.13394016933207903,0.163090414,0.13497893239887113,False
OOS_2025,MOCA,2025-06-24,44,50,6,1750737600000,1750821359999,TP,116.13665218902301,96.57,111.0,open@04:00,0.149425287356322,0.08025,0.080209875,0.06981749999999999,0.09063715874999999,0.07085673749999999,False
OOS_2025,MOCA,2025-07-13,50,50,51,1752379200000,1752501600000,TIME,126.38778011456873,103.8,129.6,open@04:00,0.24855491329479773,0.09514,0.09509243,0.0762000925925926,0.1074544459,0.07808932633333333,False
OOS_2025,MOVE,2025-02-21,50,50,8,1740110400000,1740152039999,TP,29.17742373121195,742.9,769.8,open@04:00,0.03620944945483906,0.5204,0.5201398,0.5022150688490518,0.587757974,0.5040075419641465,False
OOS_2025,NEWT,2025-07-29,47,47,14,1753761600000,1753779659999,TP,55.706502823020074,528.9,568.4,open@04:00,0.07468330497258457,0.4125,0.41229375,0.38383400774102744,0.46589193749999996,0.3866799819669247,False
OOS_2025,ONG,2025-08-25,46,50,5,1756094400000,1756166819999,TP,45.804450399438224,264.0,289.0,open@04:00,0.09469696969696972,0.20629,0.206186855,0.18844484429065744,0.23299114614999997,0.1902190453615917,False
OOS_2025,ONT,2025-01-13,50,50,28,1736740800000,1736863200000,TIME,1.5700477154395145,364.1,431.0,open@04:00,0.18374073056852502,0.2649,0.26476755,0.22378211136890955,0.2991873315,0.2278806552320186,False
OOS_2025,ONT,2025-08-25,50,50,14,1756094400000,1756117559999,SL,-142.46780777960177,223.0,274.0,open@04:00,0.22869955156950672,0.1931,0.19300345,0.1571580291970803,0.21809389849999997,0.16074257127737226,False
OOS_2025,OPEN,2025-10-03,50,50,16,1759464000000,1759472579999,SL,-130.8519999999999,630.0,691.0,open@04:00,0.09682539682539693,0.4863,0.48605685000000004,0.44337047756874093,0.5492442405,0.44763911481186686,False
OOS_2025,OPEN,2025-11-08,50,50,14,1762574400000,1762616459999,TP,36.243165032484704,432.0,454.0,open@04:00,0.05092592592592582,0.301,0.3008495,0.2864140969162996,0.33995993499999994,0.2878576372246696,False
OOS_2025,OPEN,2025-11-24,50,50,22,1763956800000,1764062759999,TP,64.8268908710221,361.0,394.0,open@04:00,0.09141274238227148,0.2584,0.2582708,0.23675736040609138,0.291846004,0.23890870436548226,False
OOS_2025,OPEN,2025-12-30,50,50,19,1767067200000,1767141119999,TP,51.881223749966985,236.0,251.0,open@04:00,0.06355932203389836,0.1723,0.17221385000000003,0.16200318725099602,0.19460165050000003,0.16302425352589642,False
OOS_2025,ORCA,2025-12-12,50,27,6,1765512000000,1765553099999,TP,24.80087666569105,1741.0,1794.0,open@04:00,0.0304422745548536,1.202,1.201399,1.166489409141583,1.35758087,1.1699803682274246,False
OOS_2025,ORDER,2025-11-22,48,50,22,1763784000000,1763788859999,TP,25.882438327597587,161.0,166.0,open@04:00,0.03105590062111796,0.10994,0.10988503000000001,0.10662855421686747,0.12417008389999999,0.10695420179518073,False
OOS_2025,POLYX,2025-07-28,50,50,11,1753675200000,1753688399999,TP,28.60948066767911,220.5,228.1,open@04:00,0.034467120181405964,0.16775,0.16766612500000003,0.16216078474353354,0.18946272125000002,0.16271131876918019,False
OOS_2025,POLYX,2025-12-22,50,50,16,1766376000000,1766400479999,SL,-133.5300074418987,71.4,82.9,open@04:00,0.16106442577030822,0.05532,0.05529234,0.047645934861278647,0.062480344199999996,0.04841057537515078,False
OOS_2025,POWR,2025-07-14,40,40,12,1752465600000,1752517679999,TP,32.11577593146189,242.9,252.2,open@04:00,0.0382873610539316,0.1857,0.18560715000000003,0.17885222045995244,0.2097360795,0.1795277134139572,False
OOS_2025,POWR,2025-11-30,50,50,9,1764475200000,1764547319999,TP,28.317292673462184,144.0,149.0,last_close_03xx,0.03472222222222232,0.096,0.09595200000000001,0.09277852348993287,0.10842576,0.09309587114093959,False
OOS_2025,PROVE,2025-09-28,50,50,8,1759032000000,1759056719999,TP,31.823705843321953,1048.0,1093.0,open@04:00,0.04293893129770998,0.7536,0.7532232000000001,0.7225734675205856,0.8511422160000001,0.725638440768527,False
OOS_2025,PUNDIX,2025-05-27,50,50,6,1748318400000,1748440800000,TIME,-10.333188068916717,532.8,561.0,open@04:00,0.052927927927928,0.4041,0.40389795000000006,0.38378695187165773,0.4564046835,0.385798051684492,False
OOS_2025,PUNDIX,2025-06-07,50,50,9,1749268800000,1749391200000,TIME,-0.00012107879968237256,434.5,448.6,open@04:00,0.032451093210587034,0.3231,0.32293845000000004,0.31294460543914393,0.3649204485,0.31394398989522954,False
OOS_2025,PUNDIX,2025-07-15,50,50,21,1752552000000,1752674400000,TIME,7.751347924895751,448.2,476.0,open@04:00,0.062025881302989694,0.3483,0.34812585,0.3279581092436975,0.3933822105,0.3299748833193278,False
OOS_2025,PUNDIX,2025-07-20,49,50,6,1752984000000,1753106400000,TIME,-26.41407204445379,472.6,487.7,open@04:00,0.03195090986034699,0.3558,0.35562210000000005,0.34478384252614314,0.401852973,0.3458676682735288,False
OOS_2025,PUNDIX,2025-10-11,50,50,23,1760155200000,1760277600000,TIME,-94.42756925034773,377.0,411.0,open@04:00,0.09018567639257302,0.2684,0.26826580000000005,0.24619659367396596,0.30314035400000006,0.24840351430656937,False
OOS_2025,PYTH,2025-07-13,48,50,5,1752379200000,1752501600000,TIME,-21.592601606041576,155.4,163.8,open@04:00,0.05405405405405417,0.12007,0.120009965,0.11391256410256409,0.13561126045,0.11452230419230768,False
OOS_2025,QTUM,2025-10-08,50,50,11,1759896000000,1760018400000,TIME,-10.909132083772345,3060.0,3307.0,open@04:00,0.08071895424836595,2.256,2.2548719999999998,2.0874992440278195,2.5480053599999994,2.1042365196250374,False
OOS_2025,RED,2025-11-10,50,50,23,1762747200000,1762784219999,TP,32.17219739490807,495.0,515.0,open@04:00,0.04040404040404044,0.3459,0.34572705,0.3324669902912621,0.39067156649999996,0.3337929962621359,False
OOS_2025,RED,2025-12-04,50,50,20,1764820800000,1764893759999,TP,127.5740489142994,408.0,489.0,open@04:00,0.19852941176470584,0.3206,0.3204397,0.2674944785276074,0.36209686099999994,0.2727890006748466,False
OOS_2025,RLC,2025-08-27,50,50,7,1756267200000,1756300319999,TP,45.028861622344444,9.29e-06,9.81e-06,last_close_03xx,0.055974165769644646,1.0874,1.0868563,1.0297600407747198,1.2281476189999998,1.0354696666972478,False
OOS_2025,SAFE,2025-03-27,50,50,15,1743048000000,1743077759999,SL,-140.2322657182753,710.9,789.0,open@04:00,0.10986073990716005,0.5321,0.53183395,0.47942951837769326,0.6009723634999999,0.4846699615399239,False
OOS_2025,SAFE,2025-05-06,50,50,13,1746504000000,1746566879999,TP,96.67257659911525,641.6,724.5,open@04:00,0.12920822942643384,0.5082,0.5079459000000001,0.4500498550724638,0.573978867,0.45583945956521743,False
OOS_2025,SAFE,2025-05-23,50,50,10,1747972800000,1748001659999,TP,56.39052498655249,741.6,792.3,open@04:00,0.06836569579288021,0.5741,0.5738129500000001,0.5373628171147293,0.6484086335,0.5410078304032564,False
OOS_2025,SAFE,2025-07-05,50,50,11,1751688000000,1751810400000,TIME,-42.555443365479654,544.8,584.1,open@04:00,0.07213656387665202,0.4256,0.4253872,0.39696435541859265,0.48068753599999997,0.39980663987673337,False
OOS_2025,SAFE,2025-07-14,50,50,30,1752465600000,1752519119999,TP,72.30872852496282,663.5,723.7,open@04:00,0.09073097211755843,0.5332,0.5329334,0.4888464833494542,0.6022147419999999,0.4932551750145088,False
OOS_2025,SAFE,2025-11-28,50,50,51,1764302400000,1764375479999,TP,126.38372066801972,251.0,294.0,open@04:00,0.17131474103585664,0.1795,0.17941025,0.15324659863945578,0.20273358249999998,0.1558629637755102,False
OOS_2025,SIGN,2025-12-01,50,50,34,1764561600000,1764684000000,TIME,-49.028125299650284,60.4,68.7,open@04:00,0.13741721854304645,0.03654,0.03652173,0.032125414847161575,0.0412695549,0.03256504636244542,False
OOS_2025,SONIC,2025-03-26,47,50,6,1742961600000,1743016559999,TP,33.244430905206436,399.2,415.2,open@04:00,0.04008016032064132,0.2816,0.2814592,0.27074836223506743,0.31804889599999997,0.2718194460115607,False
OOS_2025,SONIC,2025-04-23,50,50,11,1745380800000,1745503200000,TIME,40.48491567423436,337.9,363.0,open@04:00,0.07428233205090273,0.2537,0.25357314999999997,0.23615765840220382,0.28653765949999993,0.23789920756198343,False
OOS_2025,SONIC,2025-07-12,50,50,12,1752292800000,1752324599999,TP,34.27071218656063,300.4,313.2,open@04:00,0.04260985352862856,0.2322,0.2320839,0.22271034482758617,0.262254807,0.22364770034482756,False
OOS_2025,SONIC,2025-11-22,44,50,11,1763784000000,1763789999999,TP,44.7764038223492,130.0,137.0,open@04:00,0.05384615384615388,0.0902,0.09015490000000001,0.08559124087591241,0.101875037,0.08604760678832117,False
OOS_2025,STEEM,2025-03-25,50,50,12,1742875200000,1742997600000,TIME,6.91228296673582,204.0,211.4,open@04:00,0.03627450980392166,0.14272,0.14264864000000002,0.13772412488174077,0.1611929632,0.1382165763935667,False
OOS_2025,STEEM,2025-04-27,50,50,15,1745726400000,1745798459999,TP,49.29451707017497,223.8,240.0,open@04:00,0.07238605898123329,0.16564,0.16555718000000003,0.1544593,0.1870796134,0.155569088,False
OOS_2025,STEEM,2025-12-18,50,50,12,1766030400000,1766036219999,TP,30.356977436086627,93.5,96.9,open@04:00,0.036363636363636376,0.06507,0.065037465,0.06278684210526315,0.07349233545,0.06301190439473683,False
OOS_2025,STEEM,2025-12-25,50,50,6,1766635200000,1766705879999,TP,40.78673235215741,95.0,99.9,open@04:00,0.05157894736842117,0.06776,0.06772612,0.06443643643643643,0.07653051559999999,0.06476540479279279,False
OOS_2025,STX,2025-04-21,50,50,12,1745208000000,1745330400000,TIME,-92.18359173279282,914.8,1001.0,open@04:00,0.09422824661128115,0.6976,0.6972512000000001,0.6375269530469531,0.7878938560000001,0.6434993777422577,False
OOS_2025,SUPER,2025-10-16,50,50,26,1760587200000,1760629619999,TP,65.92925111796188,663.0,725.0,open@04:00,0.09351432880844635,0.4691,0.46886545,0.42898386206896555,0.5298179585,0.432972020862069,False
OOS_2025,SUPER,2025-11-22,50,50,58,1763784000000,1763784359999,TP,53.84503242446922,307.0,327.0,open@04:00,0.06514657980456029,0.2189,0.21879055000000003,0.20551162079510704,0.24723332150000002,0.20683951371559633,False
OOS_2025,SUPER,2025-12-21,50,50,15,1766289600000,1766322299999,TP,46.94466878490205,336.0,359.0,open@04:00,0.06845238095238093,0.2374,0.2372813,0.22219052924791086,0.26812786899999996,0.22369960632311978,False
OOS_2025,TAIKO,2025-07-18,50,50,10,1752811200000,1752851879999,TP,45.77603849132586,678.7,716.0,open@04:00,0.05495800795638717,0.5275,0.52723625,0.5000199022346369,0.5957769624999999,0.5027415370111732,False
OOS_2025,TAIKO,2025-07-21,50,50,11,1753070400000,1753146899999,TP,26.469700691395357,719.9,742.5,open@04:00,0.031393249062369843,0.5449,0.5446275500000001,0.5283144915824916,0.6154291315,0.5299457974242424,False
OOS_2025,TAIKO,2025-08-04,50,50,8,1754280000000,1754378819999,TP,29.071325956022942,602.0,623.0,open@04:00,0.03488372093023262,0.4445,0.44427775,0.42951685393258426,0.5020338575,0.4309929435393258,False
OOS_2025,TAIKO,2025-08-17,50,50,5,1755403200000,1755480599999,TP,28.41906172454722,622.0,643.0,open@04:00,0.0337620578778135,0.4635,0.46326825000000005,0.4483623639191291,0.5234931225,0.4498529525272162,False
OOS_2025,THETA,2025-11-30,50,50,25,1764475200000,1764547739999,TP,65.2658398114485,548.0,592.0,open@04:00,0.08029197080291972,0.3483,0.34812585,0.3224128378378378,0.3933822105,0.32498413905405404,False
OOS_2025,TOSHI,2025-12-07,50,50,8,1765080000000,1765095299999,TP,27.47427369970548,0.61,0.631,open@04:00,0.03442622950819674,0.00042,0.00041979,0.00040602218700475437,0.00047436269999999995,0.00040739896830427894,False
OOS_2025,VANA,2025-10-27,50,50,14,1761537600000,1761630359999,TP,153.55405019901556,4064.0,4999.0,open@04:00,0.23006889763779537,3.292,3.290354,2.676272854570914,3.7181000199999996,2.7376809691138226,False
OOS_2025,VTHO,2025-12-21,50,50,46,1766289600000,1766412000000,TIME,116.89275924931322,1.22,1.59,open@04:00,0.30327868852459017,0.001059,0.0010584705000000001,0.0008125660377358491,0.001196071665,0.0008371564839622642,False
OOS_2025,W,2025-06-26,50,50,6,1750910400000,1750960199999,SL,-134.78454552355026,82.12,86.91,open@04:00,0.05832927423282985,0.0634,0.0633683,0.05990574157174089,0.07160617899999999,0.0602519974145668,False
OOS_2025,WAL,2025-09-02,50,50,21,1756785600000,1756908000000,TIME,-54.25125282159265,525.0,566.0,open@04:00,0.078095238095238,0.4068,0.40659660000000003,0.3773321554770318,0.459454158,0.38025859992932864,False
OOS_2025,WAXP,2025-04-19,50,50,28,1745035200000,1745148359999,TP,97.6811077358755,34.08,38.97,open@04:00,0.14348591549295775,0.02674,0.02672663,0.023384634334103156,0.030201091899999997,0.02371883390069284,False
OOS_2025,ZETA,2025-01-19,48,50,12,1737259200000,1737274439999,TP,30.378284820169647,776.2,804.4,open@04:00,0.03633084256634889,0.5405,0.5402297500000001,0.5215515912481352,0.6104596175,0.5234194071233217,False
OOS_2025,ZETA,2025-02-23,40,32,5,1740283200000,1740367319999,TP,51.90167596072227,463.5,493.1,open@04:00,0.06386192017259984,0.334,0.33383300000000005,0.3139505171364835,0.37723129,0.3159387654228351,False
OOS_2025,ZETA,2025-03-22,50,50,8,1742616000000,1742621279999,SL,-133.11264220181644,323.5,372.2,open@04:00,0.15054095826893343,0.2515,0.25137425,0.21859282643739927,0.2840529025,0.22187096879365936,False
OOS_2025,ZORA,2025-11-13,50,50,67,1763006400000,1763084579999,TP,168.6427855144708,83.4,106.0,open@04:00,0.27098321342925646,0.06965,0.069615175,0.05480009433962265,0.07866514775,0.05628160240566039,False
OOS_2025,ZORA,2025-11-16,47,50,19,1763265600000,1763300699999,TP,61.681331060347375,79.2,86.6,open@04:00,0.09343434343434343,0.05681,0.056781595000000004,0.05195556581986143,0.06416320235,0.05243816873787529,False
OOS_2025,ZORA,2025-12-20,50,50,13,1766203200000,1766210219999,TP,28.629293026210856,63.4,65.7,open@04:00,0.0362776025236593,0.04389,0.043868055,0.04235351598173516,0.04957090215,0.042504969883561644,False
OOS_2025,ZRX,2025-12-30,50,50,49,1767067200000,1767189600000,TIME,-2.1162892233468256,203.0,252.0,open@04:00,0.24137931034482762,0.1613,0.16121935,0.1299361111111111,0.1821778655,0.133064435,False
