token,date,entry_ms,exit_ms,reason,net,dkimchi,in_band
0G,2025-10-21,1761019200000,1761053819999,TP,78.42034821911174,2.8798374890696143,False
0G,2025-11-08,1762574400000,1762581839999,SL,-140.1581251429201,2.041646060913904,True
0G,2025-12-25,1766635200000,1766662739999,SL,-132.641853134402,-0.2384609759052969,True
AERGO,2025-05-03,1746244800000,1746367200000,TIME,81.94059520874985,-0.6311996927823249,True
AERGO,2025-05-24,1748059200000,1748181600000,TIME,-109.5263503049899,-0.19047001181176082,True
AERGO,2025-06-10,1749528000000,1749606719999,TP,30.263024371831264,0.02278175501806423,True
AERGO,2025-09-08,1757304000000,1757426400000,TIME,0.2816257625398578,0.6736236830305886,True
AKT,2025-03-11,1741665600000,1741751339999,SL,-135.67755274363842,-0.022980830272767427,True
AKT,2025-03-24,1742788800000,1742911200000,TIME,31.355993518847914,0.5412649084005627,True
AKT,2025-06-03,1748923200000,1749045600000,TIME,22.092250514430855,0.17462890669364128,True
AKT,2025-07-13,1752379200000,1752455459999,TP,37.14007846842186,0.8156334066714788,True
AKT,2025-08-14,1755144000000,1755174899999,TP,54.28659705822361,-0.15891220670936068,True
ANIME,2025-12-20,1766203200000,1766213699999,SL,-133.43967123635215,0.11395578196624623,True
API3,2025-10-13,1760328000000,1760331839999,TP,34.06010719645532,0.5845223987204884,True
API3,2025-12-21,1766289600000,1766325179999,TP,93.71271820577857,-0.07846611500239575,True
API3,2025-12-26,1766721600000,1766844000000,TIME,2.3890548916275605,-0.058658844832248924,True
ARK,2025-04-06,1743912000000,1743925739999,SL,-130.85199999999992,0.11577023158868549,True
ARK,2025-04-20,1745121600000,1745244000000,TIME,92.32854955622875,0.4160513477084571,True
ARK,2025-07-20,1752984000000,1753106400000,TIME,52.69568847620863,0.2677313476228349,True
ARK,2025-09-14,1757822400000,1757849579999,TP,42.411650245568296,0.28597506081436963,True
ARK,2025-11-11,1762833600000,1762838939999,SL,-131.71874932383028,0.16332474978181244,True
ARK,2025-12-28,1766894400000,1766947979999,TP,59.07218679052399,0.7502957817407396,True
ATH,2025-05-02,1746158400000,1746280800000,TIME,59.75694881964451,-0.28713701411458015,True
AUCTION,2025-05-10,1746849600000,1746972000000,TIME,45.23817565086654,0.2818777418057583,True
AXS,2025-05-14,1747195200000,1747285859999,TP,67.00949622410145,0.5915247402202173,True
AXS,2025-08-31,1756612800000,1756735200000,TIME,109.69406543182254,0.383846879554095,True
BIGTIME,2025-03-18,1742270400000,1742278619999,TP,31.515295301144395,0.3186196598318536,True
BIGTIME,2025-06-24,1750737600000,1750753139999,TP,28.498548443735892,-0.09007229886496271,True
BIGTIME,2025-07-27,1753588800000,1753708439999,TP,76.16092231124327,0.06131462732448245,True
BIGTIME,2025-08-29,1756440000000,1756456199999,TP,71.1478404570409,0.27233106710697896,True
BIGTIME,2025-12-29,1766980800000,1767010079999,TP,48.85863612741247,0.17140309787015973,True
BSV,2025-05-22,1747886400000,1748002619999,TP,64.21885763477775,1.4508994324528013,True
BSV,2025-06-17,1750132800000,1750230539999,TP,57.42847968943903,0.27062161289816977,True
BSV,2025-07-05,1751688000000,1751739719999,TP,39.56198405405156,0.19345091108211587,True
BSV,2025-08-24,1756008000000,1756130400000,TIME,26.322066218561364,0.09519565145548192,True
CARV,2025-11-28,1764302400000,1764310619999,TP,26.165563651391036,0.696599996941305,True
CKB,2025-02-28,1740715200000,1740837600000,TIME,56.517819628807075,-0.20225938016367184,True
CKB,2025-04-13,1744516800000,1744573199999,TP,40.21930520190664,0.22935721165093792,True
CKB,2025-07-26,1753502400000,1753512299999,SL,-130.85199999999998,0.11773093899738463,True
CKB,2025-08-27,1756267200000,1756325099999,TP,131.62791198251074,-0.016272996962385378,True
CKB,2025-12-02,1764648000000,1764770400000,TIME,-50.330912188968234,16.908637492911648,False
COW,2025-04-26,1745640000000,1745667779999,TP,45.24442444540438,0.22727511644209386,True
CVC,2025-02-11,1739246400000,1739368800000,TIME,-1.4007003501749473,5.639453143150219,False
CYBER,2025-11-20,1763611200000,1763683559999,TP,115.81234651958215,2.318516307807128,True
CYBER,2025-11-27,1764216000000,1764338400000,TIME,10.82680613163725,15.518435141169162,False
CYBER,2025-11-29,1764388800000,1764511200000,TIME,-51.65294916950984,2.5861374395652836,False
CYBER,2025-12-11,1765425600000,1765442399999,TP,29.21441696309967,0.6736560671979364,True
DEEP,2025-07-14,1752465600000,1752588000000,TIME,-27.9169607810254,-0.07962724650047992,True
DEEP,2025-11-07,1762488000000,1762514639999,TP,38.36126052846104,-0.22853388192713986,True
DOOD,2025-12-07,1765080000000,1765117439999,TP,111.88798804042338,0.9709072659789042,True
EGLD,2025-04-25,1745553600000,1745676000000,TIME,50.531855232959245,-0.060350729955893634,True
EGLD,2025-05-09,1746763200000,1746885600000,TIME,46.85827569611884,1.4263512352876262,True
EGLD,2025-12-05,1764907200000,1764946979999,SL,-132.96763380990348,28.964365388378678,False
ERA,2025-10-12,1760241600000,1760283119999,SL,-130.77732100378927,1.8312335761513143,True
ERA,2025-11-24,1763956800000,1764038219999,TP,33.10510307141812,0.17396075527864596,True
F,2025-12-19,1766116800000,1766239200000,TIME,-22.117805819905886,4.115738857837048,False
FLOCK,2025-10-07,1759809600000,1759825979999,TP,29.68205881008307,1.2255053275515126,True
FLUID,2025-10-22,1761105600000,1761110819999,TP,25.244018479828007,0.16909591559607362,True
FLUID,2025-11-10,1762747200000,1762869600000,TIME,-1.4293665136576466,0.03584084232327589,True
FLUID,2025-11-17,1763352000000,1763395379999,TP,36.36577078715026,-0.13052154770354374,True
FLUID,2025-11-22,1763784000000,1763906400000,TIME,189.77011269955364,0.18769058237921854,True
G,2025-03-14,1741924800000,1742047200000,TIME,-30.622512615986405,0.19819249689650986,True
GAS,2025-07-20,1752984000000,1753106400000,TIME,0.016931022345402558,0.06432650059327027,True
GAS,2025-08-05,1754366400000,1754488800000,TIME,1.8057895604401786,0.5078827268630293,True
GLM,2025-01-11,1736568000000,1736669879999,TP,25.10232473397189,0.2359107083211187,True
GLM,2025-03-13,1741838400000,1741874039999,TP,54.891588027949375,0.6155234172240842,True
GLM,2025-07-27,1753588800000,1753599719999,SL,-130.8519999999998,-0.2608303598703454,True
GMT,2025-02-09,1739073600000,1739196000000,TIME,16.653395829142628,6.625953142672336,False
HIVE,2025-01-05,1736049600000,1736062499999,SL,-130.85199999999992,0.6394518908583446,True
HIVE,2025-01-11,1736568000000,1736690400000,TIME,-0.709068242468156,0.5371948177151475,True
HIVE,2025-01-24,1737691200000,1737713099999,SL,-132.30018575217017,0.5869942795068472,True
HIVE,2025-01-27,1737950400000,1737962339999,TP,40.61551390653777,0.2666981967661908,True
HIVE,2025-02-12,1739332800000,1739367179999,TP,22.861871824852827,-0.0312691350477623,True
HIVE,2025-03-02,1740888000000,1740984659999,TP,25.8513600862426,-0.05687484428384959,True
HIVE,2025-03-25,1742875200000,1742997600000,TIME,55.85842430629264,0.6710904370976101,True
HIVE,2025-05-03,1746244800000,1746316919999,TP,52.628078212547436,0.491347456190927,True
HIVE,2025-12-28,1766894400000,1766967599999,TP,134.41498404619023,2.2908566620166715,True
HOLO,2025-11-22,1763784000000,1763826599999,SL,-134.94885425632373,2.307173681063257,True
ID,2025-03-12,1741752000000,1741874400000,TIME,-40.02766623582592,0.8690039321310739,True
IMX,2025-05-02,1746158400000,1746270299999,TP,94.10640869319408,-0.09369801507792541,True
IOST,2025-01-09,1736395200000,1736517600000,TIME,0.03541608227435589,0.9737314843872191,True
IOST,2025-11-25,1764043200000,1764056819999,SL,-130.8519999999998,1.1866655450329278,True
IOTA,2025-01-02,1735790400000,1735912800000,TIME,-29.91510700721257,0.5541099792376158,True
JTO,2025-05-10,1746849600000,1746972000000,TIME,8.750297873594302,0.26732053936818767,True
KAITO,2025-09-09,1757390400000,1757512800000,TIME,51.03898672891961,0.7916583246952325,True
KAITO,2025-09-17,1758081600000,1758131999999,TP,38.69592587921364,0.44167633306351206,True
KAITO,2025-12-27,1766808000000,1766930400000,TIME,101.12745835480678,1.0710536240417623,True
KNC,2025-07-20,1752984000000,1752996659999,SL,-130.85199999999995,-0.13376322826555986,True
KNC,2025-07-28,1753675200000,1753797600000,TIME,157.25980658296524,0.743498138808163,True
LA,2025-09-24,1758686400000,1758758939999,TP,158.84058561420795,0.3038917219720272,True
LAYER,2025-12-25,1766635200000,1766757600000,TIME,-5.842047129228959,0.682250601757739,True
LPT,2025-08-17,1755403200000,1755456899999,TP,44.20542594043912,0.0525091792658916,True
LSK,2025-01-13,1736740800000,1736746679999,TP,35.41975288529226,0.5567859820664323,True
LSK,2025-07-24,1753329600000,1753332899999,TP,25.443720623843284,0.2066990848884842,True
LSK,2025-11-11,1762833600000,1762843859999,SL,-132.58839583474375,3.489351273988661,False
MANA,2025-08-31,1756612800000,1756683959999,TP,39.78907926968838,0.19606811656542877,True
MASK,2025-05-11,1746936000000,1746978899999,TP,59.366727034401244,0.6524659096465935,True
MASK,2025-07-13,1752379200000,1752501600000,TIME,-9.881277891717005,-0.04129087313757829,True
MASK,2025-12-28,1766894400000,1766967359999,TP,58.10353949849947,0.30278282620009866,True
ME,2025-04-11,1744344000000,1744466400000,TIME,2.497517542276392,-0.0348841266684774,True
ME,2025-07-13,1752379200000,1752501600000,TIME,-23.27902216197119,0.24842064242214246,True
ME,2025-09-22,1758513600000,1758520979999,TP,143.61461506263336,1.2155437562489713,True
ME,2025-10-27,1761537600000,1761551279999,SL,-130.85199999999992,0.05617005025384536,True
MIRA,2025-12-21,1766289600000,1766305319999,TP,43.793870890701676,0.4127865440805456,True
MOCA,2025-01-14,1736827200000,1736910359999,TP,34.32368709083479,-0.20522297919960408,True
MOCA,2025-02-23,1740283200000,1740367679999,TP,59.668374132837414,-0.4661302163907144,True
MOCA,2025-06-24,1750737600000,1750821359999,TP,116.13665218902301,-0.17955922168281235,True
MOCA,2025-07-13,1752379200000,1752501600000,TIME,126.38778011456873,0.07302050172690588,True
MOVE,2025-02-21,1740110400000,1740152039999,TP,29.17742373121195,-0.050411710322606496,True
NEWT,2025-07-29,1753761600000,1753779659999,TP,55.706502823020074,-0.1684574144551254,True
ONG,2025-08-25,1756094400000,1756166819999,TP,45.804450399438224,0.867641093341931,True
ONT,2025-01-13,1736740800000,1736863200000,TIME,1.5700477154395145,8.115602269999345,False
ONT,2025-08-25,1756094400000,1756117559999,SL,-142.46780777960177,0.3470397063602526,True
OPEN,2025-10-03,1759464000000,1759472579999,SL,-130.8519999999999,0.292430386701481,True
OPEN,2025-11-08,1762574400000,1762616459999,TP,36.243165032484704,0.6720081661476751,True
OPEN,2025-11-24,1763956800000,1764062759999,TP,64.8268908710221,0.2981367887038955,True
OPEN,2025-12-30,1767067200000,1767141119999,TP,51.881223749966985,0.446929169668675,True
ORCA,2025-12-12,1765512000000,1765553099999,TP,24.80087666569105,0.3687070426231509,True
ORDER,2025-11-22,1763784000000,1763788859999,TP,25.882438327597587,0.38392169697769596,True
POLYX,2025-07-28,1753675200000,1753688399999,TP,28.60948066767911,0.10029381707944429,True
POLYX,2025-12-22,1766376000000,1766400479999,SL,-133.5300074418987,0.6046601928274109,True
POWR,2025-07-14,1752465600000,1752517679999,TP,32.11577593146189,-0.26820973252986713,True
POWR,2025-11-30,1764475200000,1764547319999,TP,28.317292673462184,2.096726308702901,True
PROVE,2025-09-28,1759032000000,1759056719999,TP,31.823705843321953,0.37804481476124696,True
PUNDIX,2025-05-27,1748318400000,1748440800000,TIME,-10.333188068916717,-0.07894629505007522,True
PUNDIX,2025-06-07,1749268800000,1749391200000,TIME,-0.00012107879968237256,-0.09408045636851714,True
PUNDIX,2025-07-15,1752552000000,1752674400000,TIME,7.751347924895751,0.07411696462238382,True
PUNDIX,2025-07-20,1752984000000,1753106400000,TIME,-26.41407204445379,-0.0465686067336879,True
PUNDIX,2025-10-11,1760155200000,1760277600000,TIME,-94.42756925034773,-3.162055143942699,True
PYTH,2025-07-13,1752379200000,1752501600000,TIME,-21.592601606041576,0.06812570430956288,True
QTUM,2025-10-08,1759896000000,1760018400000,TIME,-10.909132083772345,0.5096094918392469,True
RED,2025-11-10,1762747200000,1762784219999,TP,32.17219739490807,0.7604481363148952,True
RED,2025-12-04,1764820800000,1764893759999,TP,127.5740489142994,2.1833742541037537,True
RLC,2025-08-27,1756267200000,1756300319999,TP,45.028861622344444,9.952039192739903e-10,True
SAFE,2025-03-27,1743048000000,1743077759999,SL,-140.2322657182753,0.5662536243855487,True
SAFE,2025-05-06,1746504000000,1746566879999,TP,96.67257659911525,0.25736276779144696,True
SAFE,2025-05-23,1747972800000,1748001659999,TP,56.39052498655249,0.10139861507936221,True
SAFE,2025-07-05,1751688000000,1751810400000,TIME,-42.555443365479654,-0.13151555365216172,True
SAFE,2025-07-14,1752465600000,1752519119999,TP,72.30872852496282,-0.5059181466692819,True
SAFE,2025-11-28,1764302400000,1764375479999,TP,126.38372066801972,7.254614670876225,False
SIGN,2025-12-01,1764561600000,1764684000000,TIME,-49.028125299650284,20.363371263489547,False
SONIC,2025-03-26,1742961600000,1743016559999,TP,33.244430905206436,-0.24553752781141247,True
SONIC,2025-04-23,1745380800000,1745503200000,TIME,40.48491567423436,0.06666730929844045,True
SONIC,2025-07-12,1752292800000,1752324599999,TP,34.27071218656063,-0.3164627597684433,True
SONIC,2025-11-22,1763784000000,1763789999999,TP,44.7764038223492,0.31290126890313186,True
STEEM,2025-03-25,1742875200000,1742997600000,TIME,6.91228296673582,0.652045152202263,True
STEEM,2025-04-27,1745726400000,1745798459999,TP,49.29451707017497,0.059768635469037434,True
STEEM,2025-12-18,1766030400000,1766036219999,TP,30.356977436086627,-0.1872421155849513,True
STEEM,2025-12-25,1766635200000,1766705879999,TP,40.78673235215741,-0.5111327575182067,True
STX,2025-04-21,1745208000000,1745330400000,TIME,-92.18359173279282,0.2550680475644107,True
SUPER,2025-10-16,1760587200000,1760629619999,TP,65.92925111796188,0.8671359997586725,True
SUPER,2025-11-22,1763784000000,1763784359999,TP,53.84503242446922,-0.679660351957323,True
SUPER,2025-12-21,1766289600000,1766322299999,TP,46.94466878490205,1.1588596240069693,True
TAIKO,2025-07-18,1752811200000,1752851879999,TP,45.77603849132586,-0.3627958874194648,True
TAIKO,2025-07-21,1753070400000,1753146899999,TP,26.469700691395357,-0.39878903075298844,True
TAIKO,2025-08-04,1754280000000,1754378819999,TP,29.071325956022942,-0.39846117125241776,True
TAIKO,2025-08-17,1755403200000,1755480599999,TP,28.41906172454722,-0.2771391178053584,True
THETA,2025-11-30,1764475200000,1764547739999,TP,65.2658398114485,8.863501399011131,False
TOSHI,2025-12-07,1765080000000,1765095299999,TP,27.47427369970548,-0.02705428066813731,True
VANA,2025-10-27,1761537600000,1761630359999,TP,153.55405019901556,2.621496465712614,False
VTHO,2025-12-21,1766289600000,1766412000000,TIME,116.89275924931322,1.3712375144263822,True
W,2025-06-26,1750910400000,1750960199999,SL,-134.78454552355026,-0.12153534026362323,True
WAL,2025-09-02,1756785600000,1756908000000,TIME,-54.25125282159265,0.08881589913595223,True
WAXP,2025-04-19,1745035200000,1745148359999,TP,97.6811077358755,0.26466114071779234,True
ZETA,2025-01-19,1737259200000,1737274439999,TP,30.378284820169647,-0.2386126953032086,True
ZETA,2025-02-23,1740283200000,1740367319999,TP,51.90167596072227,0.07528838130699267,True
ZETA,2025-03-22,1742616000000,1742621279999,SL,-133.11264220181644,0.028319702163281946,True
ZORA,2025-11-13,1763006400000,1763084579999,TP,168.6427855144708,-0.10399107184095868,True
ZORA,2025-11-16,1763265600000,1763300699999,TP,61.681331060347375,0.5484433332159533,True
ZORA,2025-12-20,1766203200000,1766210219999,TP,28.629293026210856,-0.3708121712040935,True
ZRX,2025-12-30,1767067200000,1767189600000,TIME,-2.1162892233468256,6.502793527881412,False
