symbol,date,ref_entry,our_entry,entry_ok,ref_exit,our_exit,exit_ok,ref_reason,our_reason,reason_ok,ref_net,our_net,net_diff
0GUSDT,2025-10-01,2.7301,2.7301,True,2.5471,2.5471,True,TIME_EXIT,TIME_EXIT,True,44.31070204185133,44.161181702868134,-0.14952033898319428
0GUSDT,2025-10-06,3.0536,3.0536,True,2.89457,2.89457,True,TP,TP,True,40.96166482836259,40.92415270631386,-0.037512122048731555
0GUSDT,2025-10-21,2.1122,2.1122,True,1.95479,1.95479,True,TP,TP,True,57.52278640899061,56.858912784774205,-0.6638736242164072
0GUSDT,2025-11-08,1.2844,1.2844,True,1.451372,1.4513719999999999,True,SL,SL,True,-140.13659915351218,-139.80294999999992,0.33364915351225477
0GUSDT,2025-12-25,0.8526,0.8526,True,0.963438,0.9634379999999999,True,SL,SL,True,-132.58626399366642,-135.17628999999985,-2.5900260063334315
0GUSDT,2026-02-20,0.649,0.649,True,0.6787,0.6787,True,TIME_EXIT,TIME_EXIT,True,-61.393679539933814,-60.5224218644067,0.8712576755271115
0GUSDT,2026-04-08,0.5476,0.5476,True,0.53005,0.53005,True,TP,TP,True,28.89525988361031,28.871560832724533,-0.02369905088577795
AERGOUSDT,2025-06-10,0.12158,0.12158,True,0.1175119999999999,0.11751199999999999,True,TP,TP,True,31.170101119427557,30.673570567527573,-0.4965305518999834
AERGOUSDT,2025-06-12,0.11959,0.11959,True,0.115702,0.115702,True,TP,TP,True,27.758980066188663,23.401089521699156,-4.357890544489507
AERGOUSDT,2025-09-08,0.11124,0.11124,True,0.1111,0.1111,True,TIME_EXIT,TIME_EXIT,True,1.2800917654584898,1.279690093491561,-0.00040167196692886264
AERGOUSDT,2026-01-01,0.06072,0.06072,True,0.0686136,0.0686136,True,SL,SL,True,-136.49059977272717,-137.4902699999999,-0.9996702272727305
AERGOUSDT,2026-01-04,0.06666,0.06666,True,0.064032,0.064032,True,TP,TP,True,36.60913046495636,36.1877123942393,-0.42141807071705983
AERGOUSDT,2026-01-21,0.06676,0.06676,True,0.0625,0.0625,True,TIME_EXIT,TIME_EXIT,True,41.88637526817257,41.98579506890354,0.09941980073097056
AGLDUSDT,2026-02-21,0.2346,0.2346,True,0.265098,0.265098,True,SL,SL,True,-131.06994306441942,-131.07395999999997,-0.004016935580551717
AKTUSDT,2025-06-03,1.367,1.367,True,1.335,1.335,True,TIME_EXIT,TIME_EXIT,True,23.060320543891756,23.058924652523796,-0.0013958913679594787
AKTUSDT,2025-07-13,1.354,1.354,True,1.3117,1.3116999999999999,True,TP,TP,True,30.066544757848764,30.06887809453488,0.002333336686117349
AKTUSDT,2025-08-14,1.435,1.435,True,1.3576,1.3576,True,TP,TP,True,53.32495133763076,53.32618222996525,0.0012308923344903633
AKTUSDT,2026-01-27,0.4796,0.4796,True,0.44612,0.44612,True,TP,TP,True,59.30928140975294,59.25895347789827,-0.050327931854674546
AKTUSDT,2026-02-20,0.3535,0.3535,True,0.3218,0.3218,True,TIME_EXIT,TIME_EXIT,True,82.92919571379775,82.4800717538897,-0.4491239599080501
ANIMEUSDT,2025-12-20,0.005994,0.005994,True,0.00677322,0.00677322,True,SL,SL,True,-133.39807262595923,-133.39633999999995,0.0017326259592778115
ANIMEUSDT,2026-03-13,0.004768,0.004768,True,0.0046159,0.0046159,True,TP,TP,True,29.641004358577938,29.639257785234825,-0.0017465733431123454
ANIMEUSDT,2026-03-17,0.006432,0.006432,True,0.005135,0.005135,True,TIME_EXIT,TIME_EXIT,True,140.17734969457413,138.9083099502488,-1.2690397443253403
ANIMEUSDT,2026-03-21,0.005144,0.005144,True,0.005079,0.005079,True,TIME_EXIT,TIME_EXIT,True,-1.967970601769094,-2.0565091290824373,-0.08853852731334322
ANKRUSDT,2026-03-06,0.004785,0.004785,True,0.004346,0.004346,True,TIME_EXIT,TIME_EXIT,True,74.5433984760502,73.88817657262281,-0.655221903427389
ANKRUSDT,2026-03-18,0.005691,0.005691,True,0.0048188999999999,0.004818899999999999,True,TP,TP,True,108.59409953475677,108.2948709910386,-0.2992285437181721
ANKRUSDT,2026-03-21,0.006017,0.006017,True,0.005511,0.005511,True,TIME_EXIT,TIME_EXIT,True,59.258364727189566,57.9095539853747,-1.3488107418148658
ANKRUSDT,2026-04-04,0.005201,0.005201,True,0.005178,0.005178,True,TIME_EXIT,TIME_EXIT,True,0.0301871029416921,0.025396494904746537,-0.004790608036945563
ANKRUSDT,2026-05-06,0.005274,0.005274,True,0.0049941,0.0049941000000000004,True,TP,TP,True,52.27167235494873,46.56793235494873,-5.703739999999996
API3USDT,2025-12-21,0.4649,0.4649,True,0.4163,0.4163,True,TP,TP,True,95.97876778833027,95.806240453861,-0.17252733446927948
API3USDT,2025-12-26,0.4668,0.4668,True,0.4642,0.4642,True,TIME_EXIT,TIME_EXIT,True,3.3816956903152313,3.3536871893744453,-0.028008500940785996
API3USDT,2026-02-07,0.369,0.369,True,0.31932,0.31932000000000005,True,TP,TP,True,100.4394845409459,98.5042863414633,-1.935198199482599
API3USDT,2026-02-26,0.3128,0.3128,True,0.29903,0.29903,True,TP,TP,True,42.59411697250642,38.85123913043479,-3.7428778420716284
API3USDT,2026-04-25,0.4882,0.4882,True,0.37021,0.37021,True,TP,TP,True,225.6475272521066,224.72123617369937,-0.926291078407246
ARKUSDT,2025-07-20,0.538,0.538,True,0.5034,0.5034,True,TIME_EXIT,TIME_EXIT,True,53.606574490405336,53.4830076579927,-0.12356683241263511
ARKUSDT,2025-09-14,0.4996,0.4996,True,0.47665,0.47665,True,TP,TP,True,43.303510482385846,43.29805939951956,-0.005451082866287038
ATHUSDT,2026-02-14,0.006568,0.006568,True,0.0061279,0.0061279,True,TP,TP,True,53.43840229541719,53.541729147381204,0.10332685196401314
AUCTIONUSDT,2025-12-31,5.837,5.837,True,5.179,5.179,True,TIME_EXIT,TIME_EXIT,True,101.30735822384412,100.731351682371,-0.5760065414731201
AVNTUSDT,2026-01-25,0.3264,0.3264,True,0.29229,0.29229,True,TP,TP,True,72.80780138873324,68.53303647058834,-4.274764918144896
AWEUSDT,2025-06-20,0.052964,0.052964,True,0.0515717,0.0515717,True,TP,TP,True,22.421128991954895,22.485967094630304,0.06483810267540946
AWEUSDT,2025-09-25,0.10963,0.10963,True,0.105346,0.10534600000000001,True,TP,TP,True,38.27689501048979,34.37384501048979,-3.9030500000000004
AWEUSDT,2025-12-23,0.0574,0.0574,True,0.055753,0.055753000000000004,True,TP,TP,True,25.76139886371419,24.399339790940694,-1.3620590727734978
AXLUSDT,2026-02-03,0.0697,0.0697,True,0.06268,0.06268,True,TP,TP,True,85.76308869667143,85.31695011477761,-0.4461385818938197
AXLUSDT,2026-03-25,0.0523,0.0523,True,0.050455,0.050455,True,TP,TP,True,33.03299365774379,32.01658665391968,-1.0164070038241064
AXLUSDT,2026-04-21,0.06001,0.06001,True,0.0547179999999999,0.054717999999999996,True,TP,TP,True,84.50574197137654,80.06374244959181,-4.441999521784723
AXLUSDT,2026-04-23,0.05917,0.05917,True,0.05914,0.05914,True,TIME_EXIT,TIME_EXIT,True,-9.65029209593544,-12.018526310630353,-2.3682342146949136
AXSUSDT,2025-08-31,2.686,2.686,True,2.381,2.381,True,TIME_EXIT,TIME_EXIT,True,110.534978180128,110.42798981384966,-0.10698836627832975
AXSUSDT,2026-02-14,1.49,1.49,True,1.4045,1.4045,True,TP,TP,True,33.41307483709522,33.108510335570415,-0.3045645015248084
AXSUSDT,2026-02-20,1.329,1.329,True,1.2606,1.2606,True,TP,TP,True,29.575589331718536,29.377298623024842,-0.19829070869369403
AZTECUSDT,2026-03-07,0.02143,0.02143,True,0.02053,0.02053,True,TP,TP,True,38.900433265217046,38.902200186654284,0.0017669214372375563
AZTECUSDT,2026-05-13,0.02613,0.02613,True,0.023664,0.023664,True,TP,TP,True,93.72159852659776,93.72428243398392,0.0026839073861566476
BARDUSDT,2026-04-04,0.3112,0.3112,True,0.29878,0.29878,True,TP,TP,True,-7.032631122586758,-7.5331742930591705,-0.5005431704724126
BERAUSDT,2026-01-14,0.7066,0.7066,True,0.7984579999999999,0.7984579999999999,True,SL,SL,True,-135.80213116695847,-135.71258999999984,0.08954116695863945
BIGTIMEUSDT,2025-07-27,0.07323,0.07323,True,0.067578,0.067578,True,TP,TP,True,76.76065678000825,76.65693299877105,-0.10372378123719272
BIGTIMEUSDT,2025-08-29,0.06206,0.06206,True,0.057407,0.057407,True,TP,TP,True,71.5930839330454,71.58519984208827,-0.007884090957134049
BLURUSDT,2026-04-01,0.01996,0.01996,True,0.0225547999999999,0.022554799999999996,True,SL,SL,True,-130.7999999999999,-130.7999999999999,0.0
BSVUSDT,2025-06-17,33.08,33.08,True,31.208,31.208,True,TP,TP,True,54.83316467611472,54.319534643288996,-0.5136300328257235
BSVUSDT,2025-07-05,24.65,24.65,True,23.651,23.651,True,TP,TP,True,39.2185075134539,39.212493367139906,-0.0060141463139942175
BSVUSDT,2025-08-24,27.77,27.77,True,26.83,26.83,True,TIME_EXIT,TIME_EXIT,True,27.266022201977144,26.282697853799107,-0.9833243481780372
BSVUSDT,2026-01-05,20.14,20.14,True,20.7,20.7,True,TIME_EXIT,TIME_EXIT,True,-32.20305225619063,-31.993032462760613,0.21001979343001764
BSVUSDT,2026-03-29,13.88,13.88,True,13.511,13.511000000000001,True,TP,TP,True,25.79342795028816,25.367644409221885,-0.4257835410662736
CARVUSDT,2026-02-21,0.06693,0.06693,True,0.062052,0.062052,True,TP,TP,True,72.33189703421488,72.38211564320933,0.05021860899445585
CARVUSDT,2026-03-18,0.06324,0.06324,True,0.060936,0.060936,True,TP,TP,True,35.68180740037963,34.794407571157606,-0.8873998292220264
CARVUSDT,2026-04-05,0.05833,0.05833,True,0.05635,0.05635,True,TP,TP,True,33.59088753643067,33.59479684553407,0.003909309103399039
CARVUSDT,2026-04-17,0.05879,0.05879,True,0.0664327,0.0664327,True,SL,SL,True,-136.03630208411292,-135.7541999999999,0.2821020841130064
CARVUSDT,2026-04-22,0.0588,0.0588,True,0.056406,0.056406000000000005,True,TP,TP,True,39.398763703678455,39.39976571428561,0.001002010607152215
CFGUSDT,2026-03-28,0.1636,0.1636,True,0.1622,0.1622,True,TIME_EXIT,TIME_EXIT,True,-28.575080918261033,-29.983012787286157,-1.4079318690251235
CKBUSDT,2025-07-26,0.006213,0.006213,True,0.0070206899999999,0.007020689999999999,True,SL,SL,True,-130.79999999999984,-130.79999999999984,0.0
CKBUSDT,2025-08-27,0.005735,0.005735,True,0.004952,0.004952000000000001,True,TP,TP,True,134.16000403673917,133.98112846556216,-0.17887557117700226
CYBERUSDT,2025-11-20,0.95,0.95,True,0.8411,0.8411,True,TP,TP,True,103.06036829336315,102.94587894736843,-0.11448934599472693
CYBERUSDT,2025-11-27,0.84,0.84,True,0.8207,0.8207,True,TIME_EXIT,TIME_EXIT,True,11.766402825028427,11.65157047619046,-0.11483234883796634
CYBERUSDT,2025-11-29,0.8375,0.8375,True,0.8653,0.8653,True,TIME_EXIT,TIME_EXIT,True,-50.74581733558513,-50.03415985074619,0.7116574848389376
CYBERUSDT,2025-12-31,0.8561,0.8561,True,0.73451,0.73451,True,TP,TP,True,102.12645661800892,100.83370049059688,-1.2927561274120336
CYBERUSDT,2026-02-03,0.6622,0.6622,True,0.58975,0.58975,True,TP,TP,True,94.29514472035476,93.82329382663849,-0.4718508937162653
CYBERUSDT,2026-02-18,0.711,0.711,True,0.57717,0.57717,True,TP,TP,True,147.98759671008264,135.79915810126585,-12.188438608816796
CYBERUSDT,2026-02-22,0.6337,0.6337,True,0.58438,0.58438,True,TP,TP,True,64.02576369791373,63.65963553258646,-0.3661281653272752
DEEPUSDT,2025-07-14,0.18421,0.18421,True,0.18883,0.18883,True,TIME_EXIT,TIME_EXIT,True,-26.880094931885804,-27.16046165734751,-0.2803667254617075
DEEPUSDT,2026-05-09,0.0376,0.0376,True,0.03633,0.03633,True,TIME_EXIT,TIME_EXIT,True,29.61980019367022,28.633565744680855,-0.9862344489893644
DOODUSDT,2025-12-07,0.005586,0.005586,True,0.0049038,0.0049038,True,TP,TP,True,106.96152520209452,103.38298543501611,-3.5785397670784107
DOODUSDT,2026-01-02,0.005912,0.005912,True,0.005797,0.005797,True,TIME_EXIT,TIME_EXIT,True,15.97979316282135,14.6909821109607,-1.28881105186065
DOODUSDT,2026-03-13,0.002997,0.002997,True,0.00338661,0.00338661,True,SL,SL,True,-130.96782105438768,-130.97335999999996,-0.005538945612272528
EDGEUSDT,2026-04-03,0.8116,0.8116,True,0.917108,0.9171079999999999,True,SL,SL,True,-130.7008868626904,-130.65553999999992,0.045346862690479384
EGLDUSDT,2025-12-05,7.427,7.427,True,8.392509999999998,8.392509999999998,True,SL,SL,True,-132.91298668372133,-132.76729999999978,0.14568668372155003
EGLDUSDT,2026-01-10,6.506,6.506,True,6.2783,6.2783,True,TP,TP,True,32.17573290706511,32.16830295727027,-0.00742994979484024
ELSAUSDT,2026-03-30,0.06312,0.06312,True,0.06549,0.06549,True,TIME_EXIT,TIME_EXIT,True,-40.55036714828915,-40.53590851711045,0.014458631178698056
ENSOUSDT,2026-04-24,0.8205,0.8205,True,0.78423,0.78423,True,TP,TP,True,42.2054890946754,39.79929319926877,-2.4061958954066327
ENSUSDT,2026-05-30,6.039,6.039,True,5.8779,5.8779,True,TP,TP,True,25.469235218054557,25.464412086438045,-0.004823131616511489
FLOCKUSDT,2026-02-22,0.05888,0.05888,True,0.0665344,0.0665344,True,SL,SL,True,-131.78318357854434,-131.76819999999987,0.01498357854447363
FLOCKUSDT,2026-03-17,0.06351,0.06351,True,0.059208,0.059208,True,TP,TP,True,65.68839415290034,65.66318419461503,-0.025209958285316247
FLOCKUSDT,2026-04-06,0.0532,0.0532,True,0.051067,0.051067,True,TP,TP,True,39.24653776600744,39.24761496240594,0.0010771963984979038
FLUIDUSDT,2025-11-10,4.092,4.092,True,4.088,4.088,True,TIME_EXIT,TIME_EXIT,True,-0.4292380636374241,-0.428622893450743,0.0006151701866811132
FLUIDUSDT,2025-11-22,4.12,4.12,True,3.289,3.289,True,TIME_EXIT,TIME_EXIT,True,190.47143749728264,185.39936912621357,-5.072068371069065
FLUIDUSDT,2026-01-03,3.206,3.206,True,3.037,3.037,True,TIME_EXIT,TIME_EXIT,True,48.8551858461288,48.552731883967574,-0.30245396216122344
FLUIDUSDT,2026-01-25,3.798,3.798,True,2.7324,2.7324,True,TP,TP,True,265.4803182195328,259.22823037914685,-6.252087840385968
FUSDT,2025-12-19,0.007084,0.007084,True,0.006958,0.006958,True,TIME_EXIT,TIME_EXIT,True,-21.458073330717077,-34.853068735177835,-13.394995404460758
FUSDT,2026-02-08,0.006436,0.006436,True,0.005977,0.005977,True,TIME_EXIT,TIME_EXIT,True,9.830739859509013,9.5342085643257,-0.29653129518331234
FUSDT,2026-03-13,0.005889,0.005889,True,0.005546,0.005546,True,TIME_EXIT,TIME_EXIT,True,52.541144819460115,52.48490407199871,-0.05624074746140195
FUSDT,2026-03-17,0.006219,0.006219,True,0.0057483,0.0057483,True,TP,TP,True,65.74763911833091,65.68888955137484,-0.0587495669560667
GASUSDT,2025-07-20,3.563,3.563,True,3.555,3.555,True,TIME_EXIT,TIME_EXIT,True,1.0150812339320825,1.0154489054167857,0.00036767148470318034
GASUSDT,2025-08-05,3.311,3.311,True,3.216,3.216,True,TIME_EXIT,TIME_EXIT,True,2.685302198380566,-1.1589020054364982,-3.844204203817064
GASUSDT,2025-08-16,3.411,3.411,True,3.385,3.385,True,TIME_EXIT,TIME_EXIT,True,4.413534837959926,3.7833081237174566,-0.6302267142424691
GASUSDT,2026-01-27,2.073,2.073,True,1.8993,1.8993,True,TP,TP,True,67.21512783614746,66.85335636758322,-0.3617714685642426
GLMUSDT,2025-07-27,0.28258,0.28258,True,0.3193153999999999,0.31931539999999997,True,SL,SL,True,-130.79999999999993,-130.74999999999991,0.05000000000001137
GLMUSDT,2025-08-10,0.26942,0.26942,True,0.262067,0.262067,True,TP,TP,True,26.346156824324098,26.3461805077574,2.3683433301613377e-05
GUSDT,2026-01-25,0.006086,0.006086,True,0.0047162,0.0047162,True,TP,TP,True,195.3726557493099,187.86916019060138,-7.503495558708522
GUSDT,2026-02-04,0.004548,0.004548,True,0.0038046,0.0038046,True,TP,TP,True,110.93370649019349,107.48161437994725,-3.452092110246241
GUSDT,2026-03-16,0.004623,0.004623,True,0.0052239899999999,0.0052239899999999995,True,SL,SL,True,-152.9082152609775,-152.83038999999982,0.07782526097767573
GUSDT,2026-03-31,0.004198,0.004198,True,0.003837,0.003837,True,TIME_EXIT,TIME_EXIT,True,56.13065008027639,44.111240157217765,-12.019409923058625
HIVEUSDT,2025-12-28,0.11149,0.11149,True,0.096595,0.096595,True,TP,TP,True,123.2445098458858,114.43947595748503,-8.805033888400772
HIVEUSDT,2026-05-23,0.06095,0.06095,True,0.059267,0.059267,True,TP,TP,True,22.46808360239208,22.46950737489741,0.0014237725053298789
HIVEUSDT,2026-05-25,0.0645,0.0645,True,0.06184,0.06184,True,TIME_EXIT,TIME_EXIT,True,30.10341515593647,20.164370077519415,-9.939045078417056
HOLOUSDT,2025-11-22,0.1007,0.1007,True,0.09143,0.09143,True,TP,TP,True,91.25561072492552,89.97769072492554,-1.2779199999999804
HOLOUSDT,2026-01-02,0.07393,0.07393,True,0.0835408999999999,0.08354089999999999,True,SL,SL,True,-130.7999999999999,-132.33200999999988,-1.5320099999999854
HOLOUSDT,2026-02-25,0.0656,0.0656,True,0.05821,0.05821,True,TIME_EXIT,TIME_EXIT,True,88.7055783323111,79.35388902439036,-9.35168930792075
HOLOUSDT,2026-03-05,0.0633,0.0633,True,0.06303,0.06303,True,TIME_EXIT,TIME_EXIT,True,-3.811458646854753,-5.811617156398224,-2.0001585095434713
HYPERUSDT,2026-01-11,0.1586,0.1586,True,0.1383,0.1383,True,TIME_EXIT,TIME_EXIT,True,97.82754333931892,89.02769586380823,-8.799847475510688
ICXUSDT,2026-02-09,0.0433,0.0433,True,0.04015,0.040150000000000005,True,TP,TP,True,57.61524554019847,57.310967898383225,-0.3042776418152471
ICXUSDT,2026-03-11,0.0424,0.0424,True,0.0368,0.0368,True,TIME_EXIT,TIME_EXIT,True,98.285823636809,97.43290169811324,-0.8529219386957578
IDUSDT,2026-02-27,0.04621,0.04621,True,0.044824,0.044824,True,TP,TP,True,27.712720805020524,27.695867898723186,-0.01685290629733771
IDUSDT,2026-05-29,0.02879,0.02879,True,0.0325327,0.0325327,True,SL,SL,True,-130.79999999999995,-130.79999999999995,0.0
IMXUSDT,2026-03-02,0.1676,0.1676,True,0.1611199999999999,0.16111999999999999,True,TP,TP,True,36.21503153337119,36.201854486873586,-0.013177046497602873
IMXUSDT,2026-03-22,0.165,0.165,True,0.15645,0.15645,True,TP,TP,True,47.65144720314365,47.62912181818182,-0.022325384961824568
INUSDT,2026-01-30,0.06481,0.06481,True,0.059896,0.059896,True,TP,TP,True,56.72167449724588,56.55512246412603,-0.16655203311984934
INUSDT,2026-02-07,0.05568,0.05568,True,0.05629,0.05629,True,TIME_EXIT,TIME_EXIT,True,-58.28018825935166,-57.90910977011493,0.37107848923673004
INUSDT,2026-04-09,0.0657,0.0657,True,0.0595,0.0595,True,TIME_EXIT,TIME_EXIT,True,84.8950739751597,84.74257094368339,-0.15250303147631428
INUSDT,2026-04-14,0.06133,0.06133,True,0.0693029,0.0693029,True,SL,SL,True,-130.99674256945534,-131.09323999999995,-0.09649743054461624
IOSTUSDT,2026-04-15,0.001208,0.001208,True,0.0010973,0.0010973,True,TP,TP,True,87.36648066721855,87.09430284768214,-0.2721778195364095
KAITOUSDT,2025-09-09,1.4209,1.4209,True,1.2967,1.2967,True,TIME_EXIT,TIME_EXIT,True,51.6184207930534,41.97503841579287,-9.64338237726053
KAITOUSDT,2025-09-17,1.173,1.173,True,1.1200800000000002,1.1200800000000002,True,TP,TP,True,37.95091796865973,37.88926951406637,-0.061648454593360213
KAITOUSDT,2025-12-27,0.6157,0.6157,True,0.5339,0.5339,True,TIME_EXIT,TIME_EXIT,True,101.5188731160354,87.19654083319796,-14.322332282837436
KAITOUSDT,2026-01-03,0.565,0.565,True,0.5535,0.5535,True,TIME_EXIT,TIME_EXIT,True,10.41370204894866,7.0618523008848815,-3.3518497480637777
KAVAUSDT,2026-03-07,0.0617,0.0617,True,0.0641,0.0641,True,TIME_EXIT,TIME_EXIT,True,-81.66407511635667,-79.33934303079427,2.3247320855624025
KAVAUSDT,2026-05-02,0.0608,0.0608,True,0.0622,0.0622,True,TIME_EXIT,TIME_EXIT,True,-33.35654895020228,-35.181395789473655,-1.8248468392713733
KNCUSDT,2025-07-28,0.5638,0.5638,True,0.4551699999999999,0.45516999999999996,True,TP,TP,True,170.57452534842074,169.71402734302947,-0.8604980053912641
KNCUSDT,2026-03-02,0.1602,0.1602,True,0.1414,0.1414,True,TIME_EXIT,TIME_EXIT,True,95.5291874157304,96.03977836454439,0.5105909488139844
LAUSDT,2025-09-24,0.4693,0.4693,True,0.39253,0.39253,True,TP,TP,True,156.05341536859,145.6632713679949,-10.390144000595114
LAUSDT,2026-01-01,0.3167,0.3167,True,0.3162,0.3162,True,TIME_EXIT,TIME_EXIT,True,-28.351654474023952,-29.557468819071676,-1.205814345047724
LAUSDT,2026-02-18,0.2115,0.2115,True,0.20574,0.20574,True,TP,TP,True,15.454897230821317,4.356942553191436,-11.09795467762988
LAUSDT,2026-02-23,0.2337,0.2337,True,0.21471,0.21471,True,TP,TP,True,42.86499689898148,34.53184310654678,-8.3331537924347
LAYERUSDT,2025-12-25,0.1836,0.1836,True,0.1764,0.1764,True,TIME_EXIT,TIME_EXIT,True,-4.982771629341423,-5.286123725490137,-0.30335209614871417
LPTUSDT,2025-06-29,6.399,6.399,True,6.28,6.28,True,TIME_EXIT,TIME_EXIT,True,-17.04257619579269,-15.818884272542618,1.2236919232500725
LPTUSDT,2025-08-17,7.181,7.181,True,6.8417,6.8417,True,TP,TP,True,46.32348470185206,44.920976673165256,-1.4025080286868032
LPTUSDT,2026-01-24,3.31,3.31,True,3.740299999999999,3.7402999999999995,True,SL,SL,True,-161.94684767203634,-161.10037999999983,0.8464676720365105
LPTUSDT,2026-02-13,2.582,2.582,True,2.49,2.49,True,TIME_EXIT,TIME_EXIT,True,18.709025178014254,6.0398935708751536,-12.6691316071391
LPTUSDT,2026-02-24,2.265,2.265,True,2.2038,2.2038,True,TP,TP,True,26.219867549668837,23.43051754966884,-2.789349999999999
LSKUSDT,2025-11-11,0.2357,0.2357,True,0.266341,0.266341,True,SL,SL,True,-132.54218,-132.54218,0.0
LSKUSDT,2026-03-03,0.1339,0.1339,True,0.12805,0.12805,True,TP,TP,True,41.8470515444878,41.84304038834948,-0.0040111561383184835
MANAUSDT,2025-08-31,0.2993,0.2993,True,0.2864299999999999,0.28642999999999996,True,TP,TP,True,42.19095178063631,42.19059411293033,-0.00035766770598399944
MANTRAUSDT,2026-05-09,0.01123,0.01123,True,0.0109059999999999,0.010905999999999999,True,TP,TP,True,28.051291184327816,28.101291184327817,0.05000000000000071
MASKUSDT,2025-12-28,0.6488,0.6488,True,0.6076699999999999,0.6076699999999999,True,TP,TP,True,59.29787441994361,57.002668076449005,-2.2952063434946055
MASKUSDT,2026-01-14,0.7205,0.7205,True,0.69836,0.69836,True,TP,TP,True,30.009462588372024,30.01068065232484,0.0012180639528160953
MASKUSDT,2026-02-15,0.5068,0.5068,True,0.4899699999999999,0.48996999999999996,True,TP,TP,True,30.826470850041364,29.22201621941607,-1.6044546306252947
MEUSDT,2025-07-13,0.8367,0.8367,True,0.854,0.854,True,TIME_EXIT,TIME_EXIT,True,-22.24714871781317,-22.237687073024958,0.009461644788213874
MEUSDT,2025-09-22,0.8574,0.8574,True,0.74292,0.74292,True,TP,TP,True,132.71994401679498,118.86800401679498,-13.851939999999999
MEUSDT,2025-10-27,0.478,0.478,True,0.54014,0.54014,True,SL,SL,True,-130.79999999999995,-131.73358999999996,-0.9335900000000095
MEUSDT,2026-03-16,0.121,0.121,True,0.13673,0.13673,True,SL,SL,True,-133.28338475902794,-133.28015999999997,0.003224759027972368
MINAUSDT,2026-02-10,0.0661,0.0661,True,0.06331,0.06331,True,TP,TP,True,31.407565441172473,31.3245045839637,-0.08306085720877121
MINAUSDT,2026-04-01,0.05965,0.05965,True,0.05646,0.05646,True,TIME_EXIT,TIME_EXIT,True,36.47631683796142,36.610405314333576,0.13408847637215615
MINAUSDT,2026-04-10,0.06017,0.06017,True,0.056318,0.056318,True,TP,TP,True,54.929473286789126,54.69724392720628,-0.23222935958284552
MINAUSDT,2026-05-04,0.06172,0.06172,True,0.06282,0.06282,True,TIME_EXIT,TIME_EXIT,True,-21.447465775510445,-21.45422384964361,-0.006758074133166758
MIRAUSDT,2025-12-21,0.1362,0.1362,True,0.12999,0.12999,True,TP,TP,True,41.258172702562355,41.20124365638762,-0.05692904617473715
MOCAUSDT,2025-06-24,0.08025,0.08025,True,0.070683,0.070683,True,TP,TP,True,118.6970502554518,118.71495327102811,0.01790301557630869
MOCAUSDT,2025-07-13,0.09514,0.09514,True,0.08288,0.08288,True,TIME_EXIT,TIME_EXIT,True,127.20756168328154,127.14365861046886,-0.06390307281267837
MOCAUSDT,2026-01-15,0.02434,0.02434,True,0.023566,0.023566,True,TP,TP,True,26.14019548854562,26.182696984387853,0.042501495842234505
MOCAUSDT,2026-04-18,0.01435,0.01435,True,0.013828,0.013828,True,TP,TP,True,35.87570557491287,35.87630662020906,0.0006010452961859869
MOODENGUSDT,2026-04-06,0.04759,0.04759,True,0.0459879999999999,0.045987999999999994,True,TP,TP,True,29.98526360511885,29.964354145829084,-0.020909459289764953
MOVEUSDT,2025-12-27,0.03647,0.03647,True,0.035237,0.035237,True,TP,TP,True,32.351045459742465,30.48069981628749,-1.870345643454975
MOVEUSDT,2026-01-15,0.04123,0.04123,True,0.0378099999999999,0.037809999999999996,True,TP,TP,True,52.91413384552045,52.47227875576053,-0.44185508975992605
MTLUSDT,2026-01-13,0.43,0.43,True,0.4012,0.4012,True,TIME_EXIT,TIME_EXIT,True,51.23763237512324,50.75643418604649,-0.4811981890767498
MTLUSDT,2026-05-23,0.324,0.324,True,0.3061,0.3061,True,TIME_EXIT,TIME_EXIT,True,20.37585892550934,20.238553580246997,-0.1373053452623445
NEWTUSDT,2025-07-29,0.4125,0.4125,True,0.38613,0.38613,True,TP,TP,True,57.45965457497991,57.43159272727274,-0.02806184770717124
NEWTUSDT,2026-02-25,0.06866,0.06866,True,0.06721,0.06721,True,TIME_EXIT,TIME_EXIT,True,19.53715161559851,19.581195199533838,0.044043583935327035
ONGUSDT,2026-01-27,0.09385,0.09385,True,0.08251,0.08251,True,TP,TP,True,84.64479977597232,83.02873347895581,-1.616066297016502
ONGUSDT,2026-03-30,0.06072,0.06072,True,0.06032,0.06032,True,TIME_EXIT,TIME_EXIT,True,-31.619028418743294,-30.044014716732466,1.5750137020108284
ONGUSDT,2026-05-05,0.07576,0.07576,True,0.073627,0.073627,True,TP,TP,True,27.04574177881464,26.769119049630362,-0.2766227291842789
ONTUSDT,2025-08-25,0.1931,0.1931,True,0.2182029999999999,0.21820299999999998,True,SL,SL,True,-142.48844582081816,-142.45223999999993,0.036205820818224765
ONTUSDT,2026-01-06,0.0676,0.0676,True,0.0657,0.0657,True,TIME_EXIT,TIME_EXIT,True,17.91217731074557,15.938938875739634,-1.9732384350059355
ONTUSDT,2026-01-27,0.0621,0.0621,True,0.0584999999999999,0.058499999999999996,True,TP,TP,True,46.10869959793889,45.99494449275371,-0.11375510518517729
ONTUSDT,2026-05-19,0.0648,0.0648,True,0.0587699999999999,0.058769999999999996,True,TP,TP,True,64.90288116093679,64.91755555555558,0.01467439461879394
OPENUSDT,2025-10-03,0.4863,0.4863,True,0.549519,0.549519,True,SL,SL,True,-130.79999999999993,-134.51229999999993,-3.712299999999999
OPENUSDT,2025-11-08,0.301,0.301,True,0.29011,0.29011,True,TP,TP,True,29.213048416090363,29.249821993355514,0.0367735772651514
OPENUSDT,2025-11-24,0.2584,0.2584,True,0.2396,0.2396,True,TIME_EXIT,TIME_EXIT,True,61.543301701417214,56.34874795665639,-5.1945537447608245
OPENUSDT,2025-12-30,0.1723,0.1723,True,0.16258,0.16258,True,TP,TP,True,54.9112142560184,54.91058273360421,-0.0006315224141886233
ORCAUSDT,2026-01-05,1.239,1.239,True,1.213,1.213,True,TIME_EXIT,TIME_EXIT,True,-6.8733972433404,-7.15035494753832,-0.2769577041979199
ORCAUSDT,2026-02-17,1.021,1.021,True,1.1537299999999997,1.1537299999999997,True,SL,SL,True,-167.9385358110882,-167.96334999999982,-0.024814188911619794
ORCAUSDT,2026-05-07,1.667,1.667,True,1.559,1.559,True,TIME_EXIT,TIME_EXIT,True,44.021633464242896,43.13711259148176,-0.8845208727611364
ORDERUSDT,2026-04-06,0.05749,0.05749,True,0.05128,0.05128,True,TIME_EXIT,TIME_EXIT,True,74.03490060440251,74.4437258758045,0.40882527140199443
ORDERUSDT,2026-04-08,0.06477,0.06477,True,0.06026,0.06026,True,TIME_EXIT,TIME_EXIT,True,33.84694178319582,33.175052007101954,-0.6718897760938631
ORDERUSDT,2026-04-14,0.06068,0.06068,True,0.06285,0.06285,True,TIME_EXIT,TIME_EXIT,True,-41.883465606883725,-42.768911127224875,-0.8854455203411504
ORDERUSDT,2026-05-05,0.05972,0.05972,True,0.057596,0.057596,True,TP,TP,True,34.48681911922305,33.131364547890165,-1.355454571332885
PLUMEUSDT,2026-01-25,0.01608,0.01608,True,0.015567,0.015567,True,TP,TP,True,30.30580509167297,30.217755074626947,-0.08805001704602233
PLUMEUSDT,2026-04-13,0.01051,0.01051,True,0.0101859999999999,0.010185999999999999,True,TP,TP,True,29.217552882968732,29.21832306374894,0.000770180780207852
POLYXUSDT,2025-07-28,0.16775,0.16775,True,0.162386,0.162386,True,TP,TP,True,31.07134342785996,31.07230499254848,0.0009615646885201556
POLYXUSDT,2026-04-04,0.05473,0.05473,True,0.04836,0.04836,True,TIME_EXIT,TIME_EXIT,True,42.67012808354836,40.17219869358672,-2.497929389961641
POLYXUSDT,2026-05-15,0.06207,0.06207,True,0.05523,0.05523,True,TP,TP,True,95.7686538653569,95.47629336394392,-0.292360501412972
POWRUSDT,2025-07-14,0.1857,0.1857,True,0.17931,0.17931,True,TP,TP,True,33.75856888260638,33.55784925686594,-0.20071962574044022
PRLUSDT,2026-05-05,0.2999,0.2999,True,0.2691199999999999,0.26911999999999997,True,TP,TP,True,97.66339783886838,96.64094140380138,-1.0224564350669993
PRLUSDT,2026-05-27,0.1694,0.1694,True,0.16058,0.16058,True,TP,TP,True,45.4563557024793,45.45635570247931,7.105427357601002e-15
PUNDIXUSDT,2025-06-07,0.3231,0.3231,True,0.3212,0.3212,True,TIME_EXIT,TIME_EXIT,True,0.9897334470866987,-0.7727476570720746,-1.7624811041587733
PUNDIXUSDT,2025-07-10,0.3136,0.3136,True,0.3254,0.3254,True,TIME_EXIT,TIME_EXIT,True,-38.36970302904347,-38.37111102040827,-0.0014079913648004094
PUNDIXUSDT,2025-07-15,0.3483,0.3483,True,0.3429,0.3429,True,TIME_EXIT,TIME_EXIT,True,8.720969381767192,8.693945968992292,-0.02702341277490028
PUNDIXUSDT,2025-07-20,0.3558,0.3558,True,0.3643,0.3643,True,TIME_EXIT,TIME_EXIT,True,-25.37947694906129,-25.37890574480047,0.0005712042608188028
QTUMUSDT,2025-08-23,2.668,2.668,True,2.865,2.865,True,TIME_EXIT,TIME_EXIT,True,-75.9003057655737,-75.96406095952025,-0.06375519394654816
QTUMUSDT,2025-10-08,2.256,2.256,True,2.259,2.259,True,TIME_EXIT,TIME_EXIT,True,-9.899793437302709,-9.667327234042602,0.23246620326010614
QTUMUSDT,2026-01-06,1.517,1.517,True,1.454,1.454,True,TP,TP,True,38.25974898953107,38.23862421226101,-0.021124777270060235
REDUSDT,2025-11-10,0.3459,0.3459,True,0.33348,0.33348,True,TP,TP,True,33.547444376987514,33.53375130962703,-0.013693067360485145
REDUSDT,2025-12-04,0.3206,0.3206,True,0.27812,0.27812,True,TP,TP,True,115.81747542108548,105.99414957579543,-9.823325845290043
REDUSDT,2026-02-27,0.1835,0.1835,True,0.16325,0.16325,True,TP,TP,True,103.12867828754862,94.25365343324246,-8.875024854306162
REDUSDT,2026-04-24,0.1462,0.1462,True,0.13522,0.13522,True,TP,TP,True,64.57817615457432,56.649559179206506,-7.928616975367817
RVNUSDT,2026-03-17,0.00638,0.00638,True,0.005831,0.005831,True,TP,TP,True,78.3983250822257,78.25551673981192,-0.1428083424137725
RVNUSDT,2026-04-25,0.00621,0.00621,True,0.005985,0.005985,True,TP,TP,True,34.66458119162647,34.66600405797107,0.0014228663446047563
SAFEUSDT,2025-07-05,0.4256,0.4256,True,0.4329,0.4329,True,TIME_EXIT,TIME_EXIT,True,-41.62090996877168,-40.70686563909781,0.9140443296738638
SAFEUSDT,2025-07-14,0.5332,0.5332,True,0.49207,0.49207,True,TP,TP,True,74.96372241634172,71.57605450862717,-3.387667907714558
SAFEUSDT,2025-11-28,0.1795,0.1795,True,0.16483,0.16483,True,TP,TP,True,77.22620352320273,67.94532949860718,-9.280874024595548
SAFEUSDT,2026-01-15,0.1907,0.1907,True,0.1670299999999999,0.16702999999999998,True,TP,TP,True,104.70537574517896,103.9772170529629,-0.7281586922160557
SAFEUSDT,2026-01-18,0.2124,0.2124,True,0.18639,0.18639,True,TP,TP,True,114.19005159378912,113.96352711864411,-0.22652447514501262
SAHARAUSDT,2026-01-29,0.02606,0.02606,True,0.024845,0.024845,True,TP,TP,True,45.82317728319266,42.78757728319266,-3.0356000000000023
SAHARAUSDT,2026-02-25,0.01532,0.01532,True,0.01496,0.01496,True,TIME_EXIT,TIME_EXIT,True,22.41623215575735,22.29871451697134,-0.1175176387860084
SAHARAUSDT,2026-03-09,0.02331,0.02331,True,0.02479,0.02479,True,TIME_EXIT,TIME_EXIT,True,-155.9678292595541,-150.66612349206343,5.30170576749066
SIGNUSDT,2026-01-05,0.03988,0.03988,True,0.03908,0.03908,True,TIME_EXIT,TIME_EXIT,True,18.19270438135914,18.18665054162493,-0.006053839734207145
SIGNUSDT,2026-02-28,0.03118,0.03118,True,0.025024,0.025024,True,TP,TP,True,194.36662169928795,194.32529272610643,-0.04132897318152118
SKRUSDT,2026-03-01,0.022691,0.022691,True,0.0218648,0.0218648,True,TP,TP,True,33.70297290063898,33.406251815257114,-0.2967210853818685
SKRUSDT,2026-03-07,0.024779,0.024779,True,0.0233615,0.0233615,True,TP,TP,True,48.19891399958831,48.14630837362277,-0.05260562596553342
SKRUSDT,2026-05-13,0.017124,0.017124,True,0.0165462,0.0165462,True,TP,TP,True,33.08985359729034,33.09211632796074,0.0022627306703952854
SOMIUSDT,2026-01-03,0.2624,0.2624,True,0.25493,0.25493,True,TP,TP,True,27.66798780487817,27.71798780487817,0.05000000000000071
SOMIUSDT,2026-01-28,0.2674,0.2674,True,0.302162,0.302162,True,SL,SL,True,-133.1368635938667,-133.13598999999985,0.0008735938668564813
SOMIUSDT,2026-04-26,0.2113,0.2113,True,0.1838499999999999,0.18384999999999999,True,TP,TP,True,126.90708726928544,126.86068045433035,-0.046406814955091136
SONICUSDT,2025-07-12,0.2322,0.2322,True,0.22338,0.22338,True,TP,TP,True,35.88900217829455,35.883676124030984,-0.005326054263562696
SONICUSDT,2025-11-22,0.0902,0.0902,True,0.08642,0.08642,True,TP,TP,True,41.10687361419075,40.59714361419075,-0.5097299999999976
SONICUSDT,2026-02-09,0.04108,0.04108,True,0.039928,0.039928000000000005,True,TP,TP,True,26.964108719503233,26.96490323271649,0.0007945132132576305
SONICUSDT,2026-02-18,0.05225,0.05225,True,0.046472,0.046472,True,TP,TP,True,108.96124189307372,107.24363205741625,-1.7176098356574698
SONICUSDT,2026-03-17,0.0465,0.0465,True,0.044997,0.044997,True,TP,TP,True,24.962406077877677,25.06017064516123,0.09776456728355143
SONICUSDT,2026-05-10,0.04294,0.04294,True,0.0485221999999999,0.048522199999999995,True,SL,SL,True,-143.95319737618547,-143.4760199999999,0.47717737618557976
SOPHUSDT,2026-01-04,0.014123,0.014123,True,0.013196,0.013196000000000001,True,TP,TP,True,64.08678216604824,62.62881240529626,-1.457969760751979
SOPHUSDT,2026-02-28,0.009766,0.009766,True,0.0090784,0.0090784,True,TP,TP,True,56.50513967438052,56.53298635060413,0.0278466762236107
STEEMUSDT,2025-12-18,0.06507,0.06507,True,0.062703,0.06270300000000001,True,TP,TP,True,35.5762102351313,29.822850235131302,-5.753359999999997
STEEMUSDT,2025-12-25,0.06776,0.06776,True,0.0645739999999999,0.06457399999999999,True,TP,TP,True,44.07554792199835,40.215230200708504,-3.860317721289846
STEEMUSDT,2026-01-27,0.06861,0.06861,True,0.065946,0.065946,True,TP,TP,True,37.87884111632705,37.877739160472224,-0.001101955854828418
STEEMUSDT,2026-02-18,0.06326,0.06326,True,0.053036,0.053036,True,TP,TP,True,136.31082180863257,119.52418640847293,-16.78663540015964
STEEMUSDT,2026-02-24,0.06171,0.06171,True,0.05691,0.05691,True,TIME_EXIT,TIME_EXIT,True,-40.28231189293147,-68.71427061254256,-28.431958719611096
STEEMUSDT,2026-03-01,0.06277,0.06277,True,0.05933,0.05933,True,TIME_EXIT,TIME_EXIT,True,14.480964836616389,12.425819960172142,-2.0551448764442473
STEEMUSDT,2026-03-08,0.05916,0.05916,True,0.05959,0.05959,True,TIME_EXIT,TIME_EXIT,True,-30.475453042917508,-30.229654611223797,0.24579843169371074
STEEMUSDT,2026-03-14,0.06311,0.06311,True,0.06159,0.06159,True,TIME_EXIT,TIME_EXIT,True,5.550116808962072,5.500771072730167,-0.049345736231904525
STEEMUSDT,2026-03-29,0.06009,0.06009,True,0.057489,0.057489,True,TP,TP,True,37.407889700449296,28.811522391412865,-8.596367309036431
STEEMUSDT,2026-05-23,0.0542,0.0542,True,0.052022,0.052022,True,TP,TP,True,31.468983479704747,31.377571845018437,-0.09141163468630964
STORJUSDT,2026-02-16,0.1137,0.1137,True,0.1056,0.1056,True,TIME_EXIT,TIME_EXIT,True,55.871560994174104,55.48790554089707,-0.38365545327703643
SUPERUSDT,2025-11-22,0.2189,0.2189,True,0.20432,0.20432,True,TP,TP,True,65.80575605299228,58.03051605299228,-7.775239999999997
SUPERUSDT,2025-12-21,0.2374,0.2374,True,0.22597,0.22597,True,TP,TP,True,38.3515397352305,38.19350803706822,-0.1580316981622829
SUPERUSDT,2026-01-25,0.2074,0.2074,True,0.20056,0.20056000000000002,True,TP,TP,True,27.289591958108907,24.426529276759812,-2.8630626813490956
SUPERUSDT,2026-02-16,0.1345,0.1345,True,0.1307,0.1307,True,TIME_EXIT,TIME_EXIT,True,11.705546227613857,11.336308104089202,-0.3692381235246547
SUPERUSDT,2026-03-26,0.1296,0.1296,True,0.11592,0.11592,True,TP,TP,True,70.96122037800461,69.45011555555556,-1.511104822449056
SUPERUSDT,2026-05-24,0.1307,0.1307,True,0.1235,0.1235,True,TIME_EXIT,TIME_EXIT,True,21.28354530538559,20.043777758225023,-1.239767547160568
TAIKOUSDT,2025-07-18,0.5275,0.5275,True,0.50077,0.50077,True,TP,TP,True,49.97142105118469,50.022985781990364,0.05156473080567281
TAIKOUSDT,2025-07-21,0.5449,0.5449,True,0.5278,0.5278,True,TP,TP,True,30.88329263442834,30.881904936685636,-0.001387697742703864
TAIKOUSDT,2025-08-04,0.4445,0.4445,True,0.4283,0.4283,True,TP,TP,True,35.603313703037095,35.197124319460045,-0.4061893835770505
TAIKOUSDT,2025-08-08,0.4778,0.4778,True,0.4916,0.4916,True,TIME_EXIT,TIME_EXIT,True,-30.154911410997233,-30.116457563834192,0.03845384716304068
TAIKOUSDT,2025-08-17,0.4635,0.4635,True,0.44847,0.44847,True,TP,TP,True,31.876867853290275,31.92718446601951,0.05031661272923671
TAIKOUSDT,2026-01-09,0.1904,0.1904,True,0.18104,0.18104,True,TP,TP,True,48.604466751575664,48.449433865546254,-0.15503288602941012
TAIKOUSDT,2026-01-26,0.2551,0.2551,True,0.18373,0.18373,True,TP,TP,True,270.1461776077757,257.4677681811054,-12.678409426670328
THETAUSDT,2026-04-04,0.1538,0.1538,True,0.1737939999999999,0.17379399999999998,True,SL,SL,True,-130.7999999999999,-130.7999999999999,0.0
TOSHIUSDT,2025-10-02,0.0007883,0.0007883,True,0.0008024,0.0008024,True,TIME_EXIT,TIME_EXIT,True,-18.352539328681928,-18.35883139921345,-0.006292070531522143
TOSHIUSDT,2025-12-07,0.00042,0.00042,True,0.00040623,0.00040623000000000005,True,TP,TP,True,30.726500106666613,27.942244285714214,-2.7842558209523993
TUSDT,2026-04-05,0.006388,0.006388,True,0.0061396,0.0061396,True,TP,TP,True,33.07237010378824,33.07217014401993,-0.00019995976830955442
VANAUSDT,2025-10-27,3.292,3.292,True,2.7916000000000003,2.7916000000000003,True,TP,TP,True,139.0106820201641,135.29467026731456,-3.716011752849539
VANAUSDT,2026-01-14,2.485,2.485,True,2.4103000000000003,2.4103000000000003,True,TP,TP,True,28.253895886025337,28.26528217303805,0.01138628701271216
VANAUSDT,2026-03-29,1.327,1.327,True,1.1983,1.1983,True,TP,TP,True,88.04436400006874,81.20510198944991,-6.839262010618825
VTHOUSDT,2025-12-21,0.001059,0.001059,True,0.0008975,0.0008975,True,TIME_EXIT,TIME_EXIT,True,117.54318176071772,114.95340071765825,-2.5897810430594603
VTHOUSDT,2026-02-12,0.0006541,0.0006541,True,0.0006018,0.0006018,True,TIME_EXIT,TIME_EXIT,True,71.92416151536469,69.53207308974167,-2.3920884256230153
VTHOUSDT,2026-02-22,0.0006668,0.0006668,True,0.0005974099999999,0.0005974099999999999,True,TP,TP,True,86.94088212327553,86.20577716256767,-0.7351049607078579
VTHOUSDT,2026-05-30,0.000567,0.000567,True,0.00064071,0.00064071,True,SL,SL,True,-134.70618237037027,-134.7089399999999,-0.002757629629627445
WALUSDT,2025-09-02,0.4068,0.4068,True,0.4248,0.4248,True,TIME_EXIT,TIME_EXIT,True,-53.19039584152315,-52.99080761061951,0.1995882309036361
WALUSDT,2026-01-09,0.1565,0.1565,True,0.14219,0.14219,True,TP,TP,True,81.89598331831816,79.00556968051112,-2.8904136378070433
WALUSDT,2026-03-18,0.0877,0.0877,True,0.082966,0.082966,True,TP,TP,True,52.734693126567905,51.66831548460664,-1.0663776419612674
WAXPUSDT,2026-03-10,0.006409,0.006409,True,0.006529,0.006529,True,TIME_EXIT,TIME_EXIT,True,-20.387016717241423,-21.26969983928855,-0.8826831220471263
WAXPUSDT,2026-03-20,0.007224,0.007224,True,0.00816312,0.00816312,True,SL,SL,True,-158.83239265503863,-158.61599999999987,0.21639265503876004
YGGUSDT,2026-02-21,0.05054,0.05054,True,0.04485,0.04485,True,TIME_EXIT,TIME_EXIT,True,78.92638055273449,69.35588180846855,-9.570498744265933
YGGUSDT,2026-03-15,0.042,0.042,True,0.039813,0.039813,True,TP,TP,True,48.903490449045265,47.0735185714286,-1.8299718776166642
ZETAUSDT,2026-04-05,0.05443,0.05443,True,0.049939,0.049939,True,TP,TP,True,65.96481502715051,65.65566541613086,-0.3091496110196488
ZETAUSDT,2026-04-17,0.06196,0.06196,True,0.05559,0.05559,True,TIME_EXIT,TIME_EXIT,True,68.51414251592641,69.2866833957392,0.7725408798127944
ZILUSDT,2026-01-12,0.00581,0.00581,True,0.00574,0.00574,True,TIME_EXIT,TIME_EXIT,True,2.056583917538683,1.7162027710842953,-0.3403811464543878
ZILUSDT,2026-03-18,0.00451,0.00451,True,0.0043479999999999,0.0043479999999999994,True,TP,TP,True,33.32135772412428,32.79038738359217,-0.5309703405321144
ZKCUSDT,2026-01-03,0.1235,0.1235,True,0.1185499999999999,0.11854999999999999,True,TP,TP,True,39.28097165991911,38.46097165991911,-0.8200000000000003
ZKPUSDT,2026-02-01,0.12047,0.12047,True,0.088277,0.088277,True,TP,TP,True,238.34028601702408,215.42928560720512,-22.911000409818968
ZKUSDT,2026-02-01,0.02671,0.02671,True,0.0301823,0.0301823,True,SL,SL,True,-135.03904661612867,-141.2374099999999,-6.198363383871225
ZORAUSDT,2025-11-13,0.06965,0.06965,True,0.056546,0.056546,True,TP,TP,True,164.92199134826998,152.276863517588,-12.645127830681986
ZORAUSDT,2025-11-16,0.05681,0.05681,True,0.052454,0.052454,True,TP,TP,True,61.763513053039944,61.522241436366826,-0.24127161667311725
ZORAUSDT,2025-12-20,0.04389,0.04389,True,0.042432,0.042432000000000004,True,TP,TP,True,30.76547216678044,30.76547216678045,1.0658141036401503e-14
ZORAUSDT,2026-02-01,0.0393,0.0393,True,0.02531,0.02531,True,TIME_EXIT,TIME_EXIT,True,315.96201774387026,281.8141037659033,-34.14791397796694
ZRXUSDT,2025-12-30,0.1613,0.1613,True,0.1456,0.1456,True,TIME_EXIT,TIME_EXIT,True,-1.9827186744110632,-0.7761100495970868,1.2066086248139762
