symbol,token,date,vp,gp,pp,start_price,entry_price,exit_price,sl_price,tp_price,actual_growth,exit_reason,exit_ms,gross_ret,funding_ret,funding_events,net_ret,net_ret_usdt
0GUSDT,0G,2025-10-01,31,32,25,2.5159,2.7301,2.5471,3.085013,2.53732,0.08513851901903902,TIME_EXIT,1759413600000,0.06703051170286813,-0.022069329999999998,34,0.04416118170286813,44.161181702868134
0GUSDT,0G,2025-10-06,39,40,10,2.8769,3.0536,2.89457,3.4505679999999996,2.89457,0.061420278772289505,TP,1759825319999,0.05207951270631386,-0.010355359999999997,29,0.04092415270631386,40.92415270631386
0GUSDT,0G,2025-10-21,40,40,17,1.9373,2.1122,1.95479,2.386786,1.95479,0.09028028699736756,TP,1761051599999,0.0745241927847742,-0.01686528,9,0.0568589127847742,56.858912784774205
0GUSDT,0G,2025-11-08,40,40,21,1.103,1.2844,1.4513719999999999,1.4513719999999999,1.12114,0.16446056210335458,SL,1762581839999,-0.12999999999999992,-0.00900295,3,-0.13980294999999993,-139.80294999999992
0GUSDT,0G,2025-12-25,40,40,9,0.8001,0.8526,0.9634379999999999,0.9634379999999999,0.80535,0.06561679790026242,SL,1766662739999,-0.12999999999999987,-0.00437629,2,-0.13517628999999987,-135.17628999999985
0GUSDT,0G,2026-02-12,40,40,14,0.5621,0.6189,0.6993569999999999,0.6993569999999999,0.5677800000000001,0.10104963529621047,SL,1770876959999,-0.1299999999999998,-0.00584841,1,-0.1366484099999998,-136.6484099999998
0GUSDT,0G,2026-02-20,40,23,6,0.6149,0.649,0.6787,0.73337,0.61831,0.05545617173524153,TIME_EXIT,1771682400000,-0.0457627118644067,-0.01395971,9,-0.0605224218644067,-60.5224218644067
0GUSDT,0G,2026-04-08,40,29,4,0.5281,0.5476,0.53005,0.6187879999999999,0.53005,0.03692482484377946,TP,1775689259999,0.03204894083272453,-0.00237738,5,0.028871560832724533,28.871560832724533
AERGOUSDT,AERGO,2025-06-10,40,40,5,0.11706,0.12158,0.11751199999999999,0.1373854,0.11751199999999999,0.038612677259525,TP,1749606899999,0.033459450567527575,-0.00198588,6,0.030673570567527574,30.673570567527573
AERGOUSDT,AERGO,2025-06-12,38,23,5,0.11527,0.11959,0.115702,0.1351367,0.115702,0.03747722737919679,TP,1749760679999,0.03251107952169916,-0.008309990000000001,5,0.023401089521699156,23.401089521699156
AERGOUSDT,AERGO,2025-09-08,40,40,6,0.10764,0.11124,0.1111,0.12570119999999999,0.108,0.03344481605351168,TIME_EXIT,1757426400000,0.001258540093491561,0.00082115,9,0.0012796900934915608,1.279690093491561
AERGOUSDT,AERGO,2026-01-01,36,23,6,0.0552,0.06072,0.0686136,0.0686136,0.055751999999999996,0.10000000000000009,SL,1767255659999,-0.1299999999999999,-0.00669027,2,-0.1374902699999999,-137.4902699999999
AERGOUSDT,AERGO,2026-01-04,33,23,6,0.06374,0.06666,0.064032,0.07532579999999998,0.064032,0.0458111076247254,TP,1767587519999,0.0394239423942393,-0.00243623,7,0.0361877123942393,36.1877123942393
AERGOUSDT,AERGO,2026-01-21,40,40,13,0.05768,0.06676,0.0625,0.07543879999999999,0.058588,0.1574202496532593,TIME_EXIT,1769090400000,0.06381066506890354,-0.021024869999999998,9,0.04198579506890354,41.98579506890354
AGLDUSDT,AGLD,2026-02-21,40,40,6,0.2181,0.2346,0.265098,0.265098,0.21975,0.07565337001375516,SL,1771682819999,-0.12999999999999998,-0.00027396,1,-0.13107395999999996,-131.07395999999997
AKTUSDT,AKT,2025-06-03,40,40,9,1.313,1.367,1.335,1.5447099999999998,1.3184,0.041127189642041095,TIME_EXIT,1749045600000,0.023408924652523797,0.00045000000000000004,9,0.023058924652523797,23.058924652523796
AKTUSDT,AKT,2025-07-13,40,40,22,1.307,1.354,1.3116999999999999,1.53002,1.3116999999999999,0.03596021423106355,TP,1752451319999,0.03124076809453488,-0.00037188999999999994,6,0.03006887809453488,30.06887809453488
AKTUSDT,AKT,2025-08-14,40,40,5,1.349,1.435,1.3576,1.6215499999999998,1.3576,0.06375092661230553,TP,1755174899999,0.05393728222996525,0.00018889999999999998,3,0.05332618222996525,53.32618222996525
AKTUSDT,AKT,2026-01-27,40,40,25,0.4424,0.4796,0.44612,0.541948,0.44612,0.08408679927667273,TP,1769572619999,0.06980817347789826,-0.00974922,6,0.059258953477898266,59.25895347789827
AKTUSDT,AKT,2026-02-20,40,40,18,0.309,0.3535,0.3218,0.39945499999999995,0.31345,0.14401294498381878,TIME_EXIT,1771682400000,0.08967468175388969,-0.006394609999999999,9,0.0824800717538897,82.4800717538897
ANIMEUSDT,ANIME,2025-12-20,40,40,16,0.00557,0.005994,0.00677322,0.00677322,0.0056124,0.0761220825852782,SL,1766213699999,-0.12999999999999995,-0.00259634,1,-0.13339633999999995,-133.39633999999995
ANIMEUSDT,ANIME,2026-03-13,40,40,5,0.004599,0.004768,0.0046159,0.005387839999999999,0.0046159,0.0367471189388997,TP,1773449639999,0.03190016778523482,-0.0014609100000000002,6,0.029639257785234824,29.639257785234825
ANIMEUSDT,ANIME,2026-03-17,40,40,26,0.004851,0.006432,0.005135,0.007268159999999999,0.005009100000000001,0.3259121830550402,TIME_EXIT,1773842400000,0.2016480099502488,-0.06193970000000001,35,0.1389083099502488,138.9083099502488
ANIMEUSDT,ANIME,2026-03-21,40,40,10,0.004847,0.005144,0.005079,0.0058127199999999995,0.0048766999999999994,0.0612750154734889,TIME_EXIT,1774188000000,0.012636080870917565,-0.013892590000000002,9,-0.002056509129082437,-2.0565091290824373
ANKRUSDT,ANKR,2026-03-06,40,40,23,0.004189,0.004785,0.004346,0.00540705,0.0042486,0.1422773931725949,TIME_EXIT,1772892000000,0.09174503657262281,-0.01705686,4,0.07388817657262281,73.88817657262281
ANKRUSDT,ANKR,2026-03-18,40,40,28,0.004722,0.005691,0.004818899999999999,0.006430829999999999,0.004818899999999999,0.2052096569250319,TP,1773878579999,0.1532419609910386,-0.04414709,17,0.1082948709910386,108.2948709910386
ANKRUSDT,ANKR,2026-03-21,40,40,19,0.005196,0.006017,0.005511,0.006799209999999999,0.0052781,0.15800615858352574,TIME_EXIT,1774188000000,0.0840950639853747,-0.02538551,9,0.0579095539853747,57.9095539853747
ANKRUSDT,ANKR,2026-04-04,40,34,5,0.005003,0.005201,0.005178,0.0058771299999999995,0.0050228,0.03957625424745159,TIME_EXIT,1775397600000,0.004422226494904746,-0.0035968299999999996,9,2.5396494904746537e-05,0.025396494904746537
ANKRUSDT,ANKR,2026-05-06,40,40,8,0.004963,0.005274,0.0049941000000000004,0.00595962,0.0049941000000000004,0.06266371146483984,TP,1778049779999,0.05307167235494873,-0.00570374,1,0.04656793235494873,46.56793235494873
API3USDT,API3,2025-12-21,40,40,21,0.4109,0.4649,0.4163,0.5253369999999999,0.4163,0.13141883669992693,TP,1766325179999,0.104538610453861,-0.007932370000000001,3,0.09580624045386099,95.806240453861
API3USDT,API3,2025-12-26,40,40,17,0.4296,0.4668,0.4642,0.527484,0.43332,0.08659217877094982,TIME_EXIT,1766844000000,0.005569837189374446,-0.0014161500000000001,9,0.0033536871893744455,3.3536871893744453
API3USDT,API3,2026-01-02,40,40,12,0.4511,0.4651,0.4647,0.525563,0.4525,0.031035247173575753,TIME_EXIT,1767448800000,0.0008600301010535615,-0.0008148599999999999,9,-0.0007548298989464385,-0.7548298989464385
API3USDT,API3,2026-02-07,40,40,46,0.3138,0.369,0.31932000000000005,0.41696999999999995,0.31932000000000005,0.17590822179732313,TP,1770523319999,0.13463414634146328,-0.03532986,7,0.0985042863414633,98.5042863414633
API3USDT,API3,2026-02-26,40,40,16,0.2975,0.3128,0.29903,0.353464,0.29903,0.0514285714285716,TP,1772096279999,0.04402173913043479,-0.0043705,2,0.03885123913043479,38.85123913043479
API3USDT,API3,2026-04-25,40,40,33,0.3571,0.4882,0.37021,0.551666,0.37021,0.3671240548865866,TP,1777120199999,0.24168373617369937,-0.0161625,3,0.22472123617369938,224.72123617369937
ARKUSDT,ARK,2025-07-20,40,40,14,0.4821,0.538,0.5034,0.60794,0.48768999999999996,0.11595104750051877,TIME_EXIT,1753106400000,0.0643122676579927,-0.01002926,9,0.0534830076579927,53.4830076579927
ARKUSDT,ARK,2025-09-14,40,40,9,0.4741,0.4996,0.47665,0.5645479999999999,0.47665,0.05378612107150382,TP,1757849579999,0.045936749399519555,-0.00183869,2,0.043298059399519556,43.29805939951956
ARKUSDT,ARK,2025-12-28,40,40,7,0.261,0.2782,0.26272,0.314366,0.26272,0.06590038314176239,TP,1766939759999,0.05564342199856216,-0.00464577,4,0.05019765199856216,50.19765199856216
ATHUSDT,ATH,2026-02-14,40,40,18,0.006079,0.006568,0.0061279,0.007421839999999999,0.0061279,0.08044086198387901,TP,1771160399999,0.0670066991473812,-0.012664970000000001,9,0.0535417291473812,53.541729147381204
AUCTIONUSDT,AUCTION,2025-12-31,40,40,8,4.954,5.837,5.179,6.595809999999999,5.0423,0.17823980621719815,TIME_EXIT,1767276000000,0.112729141682371,-0.01119779,9,0.100731351682371,100.731351682371
AVNTUSDT,AVNT,2026-01-25,40,40,15,0.2885,0.3264,0.29229,0.368832,0.29229,0.1313691507798962,TP,1769388899999,0.10450367647058832,-0.035170639999999996,6,0.06853303647058834,68.53303647058834
AWEUSDT,AWE,2025-06-20,40,40,3,0.051417,0.052964,0.0515717,0.05984931999999999,0.0515717,0.030087325203726367,TP,1750465379999,0.0262876670946303,-0.0030016999999999995,6,0.022485967094630303,22.485967094630304
AWEUSDT,AWE,2025-09-25,36,40,20,0.10487,0.10963,0.10534600000000001,0.12388189999999999,0.10534600000000001,0.04538952989415468,TP,1758773279999,0.03907689501048979,-0.00390305,1,0.03437384501048979,34.37384501048979
AWEUSDT,AWE,2025-12-23,40,39,4,0.05557,0.0574,0.055753000000000004,0.06486199999999999,0.055753000000000004,0.032931437826165144,TP,1766501519999,0.028693379790940693,-0.0034940400000000003,3,0.024399339790940694,24.399339790940694
AXLUSDT,AXL,2026-02-03,39,37,13,0.0619,0.0697,0.06268,0.07876099999999998,0.06268,0.1260096930533119,TP,1770141359999,0.1007173601147776,-0.014600410000000001,4,0.0853169501147776,85.31695011477761
AXLUSDT,AXL,2026-03-25,40,40,8,0.05025,0.0523,0.050455,0.05909899999999999,0.050455,0.04079601990049753,TP,1774451819999,0.03527724665391968,-0.00246066,3,0.03201658665391968,32.01658665391968
AXLUSDT,AXL,2026-04-21,40,27,12,0.05413,0.06001,0.054717999999999996,0.06781129999999999,0.054717999999999996,0.10862737853316107,TP,1776802019999,0.08818530244959182,-0.00732156,5,0.08006374244959182,80.06374244959181
AXLUSDT,AXL,2026-04-23,35,40,14,0.05622,0.05917,0.05914,0.0668621,0.056514999999999996,0.05247242974030586,TIME_EXIT,1777039200000,0.0005070136893696509,-0.011725540000000003,9,-0.012018526310630353,-12.018526310630353
AXSUSDT,AXS,2025-08-31,40,40,22,2.291,2.686,2.381,3.0351799999999995,2.3305,0.1724137931034484,TIME_EXIT,1756735200000,0.11355174981384965,-0.00232376,4,0.11042798981384966,110.42798981384966
AXSUSDT,AXS,2026-02-14,40,40,11,1.395,1.49,1.4045,1.6836999999999998,1.4045,0.06810035842293916,TP,1771159919999,0.05738255033557041,-0.023474039999999998,9,0.03310851033557041,33.108510335570415
AXSUSDT,AXS,2026-02-20,40,26,6,1.253,1.329,1.2606,1.5017699999999998,1.2606,0.06065442936951326,TP,1771594319999,0.051467268623024844,-0.02128997,3,0.029377298623024843,29.377298623024842
AZTECUSDT,AZTEC,2026-03-07,40,40,12,0.02043,0.02143,0.02053,0.0242159,0.02053,0.04894762604013714,TP,1772945699999,0.04199720018665429,-0.002295,7,0.03890220018665429,38.902200186654284
AZTECUSDT,AZTEC,2026-05-13,40,40,12,0.02339,0.02613,0.023664,0.0295269,0.023664,0.11714407866609666,TP,1778683799999,0.09437428243398391,0.00015000000000000001,3,0.09372428243398391,93.72428243398392
BARDUSDT,BARD,2026-04-04,40,40,14,0.2974,0.3112,0.29878,0.3516559999999999,0.29878,0.046402151983859996,TP,1775384819999,0.039910025706940834,-0.0466432,31,-0.007533174293059171,-7.5331742930591705
BERAUSDT,BERA,2026-01-14,40,40,29,0.5851,0.7066,0.7984579999999999,0.7984579999999999,0.59725,0.2076568108015724,SL,1768389659999,-0.12999999999999984,-0.00491259,2,-0.13571258999999983,-135.71258999999984
BIGTIMEUSDT,BIGTIME,2025-06-24,40,40,13,0.05152,0.05347,0.051715000000000004,0.06042109999999999,0.051715000000000004,0.03784937888198736,TP,1750771979999,0.03282214325790149,0.00010501,3,0.03212715325790149,32.12715325790149
BIGTIMEUSDT,BIGTIME,2025-07-27,40,40,12,0.06695,0.07323,0.067578,0.0827499,0.067578,0.09380134428678133,TP,1753708439999,0.07718148299877105,0.00027545000000000005,9,0.07665693299877105,76.65693299877105
BIGTIMEUSDT,BIGTIME,2025-08-29,40,40,23,0.05689,0.06206,0.057407,0.07012779999999999,0.057407,0.09087713130602904,TP,1756456199999,0.07497582984208827,-0.00259063,2,0.07158519984208828,71.58519984208827
BLURUSDT,BLUR,2026-04-01,40,40,22,0.01733,0.01996,0.022554799999999996,0.022554799999999996,0.017593,0.15175995383727625,SL,1775030339999,-0.1299999999999999,0.0,0,-0.1307999999999999,-130.7999999999999
BSVUSDT,BSV,2025-06-17,40,40,9,31.0,33.08,31.208,37.380399999999995,31.208,0.06709677419354843,TP,1750208699999,0.056590084643289,-0.0014705500000000002,6,0.054319534643288994,54.319534643288996
BSVUSDT,BSV,2025-07-05,40,24,6,23.54,24.65,23.651,27.854499999999994,23.651,0.04715378079864063,TP,1751739719999,0.04052738336713991,-0.0005148899999999999,4,0.03921249336713991,39.212493367139906
BSVUSDT,BSV,2025-08-24,40,40,6,26.23,27.77,26.83,31.380099999999995,26.384,0.058711399161265776,TIME_EXIT,1756130400000,0.03384947785379911,-0.00676678,9,0.02628269785379911,26.282697853799107
BSVUSDT,BSV,2026-01-05,40,40,14,18.59,20.14,20.7,22.7582,18.745,0.08337816030123735,TIME_EXIT,1767708000000,-0.02780536246276061,-0.00338767,9,-0.03199303246276061,-31.993032462760613
BSVUSDT,BSV,2026-03-29,40,40,6,13.47,13.88,13.511000000000001,15.6844,13.511000000000001,0.03043801039346694,TP,1774793219999,0.026585014409221883,-0.00041736999999999997,3,0.025367644409221884,25.367644409221885
CARVUSDT,CARV,2026-02-21,40,40,10,0.06151,0.06693,0.062052,0.0756309,0.062052,0.08811575353601042,TP,1771732439999,0.07288211564320933,0.00030000000000000003,6,0.07238211564320933,72.38211564320933
CARVUSDT,CARV,2026-03-18,40,40,9,0.06068,0.06324,0.060936,0.0714612,0.060936,0.042188529993408164,TP,1773830699999,0.03643263757115761,-0.00083823,2,0.03479440757115761,34.794407571157606
CARVUSDT,CARV,2026-04-05,40,40,7,0.05613,0.05833,0.05635,0.0659129,0.05635,0.039194726527703505,TP,1775480279999,0.03394479684553407,0.00045000000000000004,9,0.03359479684553407,33.59479684553407
CARVUSDT,CARV,2026-04-17,36,40,4,0.05629,0.05879,0.0664327,0.0664327,0.05654,0.04441286196482497,SL,1776471179999,-0.12999999999999992,-0.0049542,6,-0.1357541999999999,-135.7541999999999
CARVUSDT,CARV,2026-04-22,40,40,5,0.05614,0.0588,0.056406000000000005,0.06644399999999999,0.056406000000000005,0.047381546134663166,TP,1776911339999,0.040714285714285606,-0.0005145199999999999,6,0.039399765714285606,39.39976571428561
CFGUSDT,CFG,2026-03-28,40,40,13,0.1422,0.1636,0.1622,0.18486799999999998,0.14434,0.15049226441631514,TIME_EXIT,1774792800000,0.008557457212713842,-0.03774047,9,-0.029983012787286156,-29.983012787286157
CKBUSDT,CKB,2025-07-26,40,40,25,0.005225,0.006213,0.007020689999999999,0.007020689999999999,0.0053238,0.1890909090909092,SL,1753512299999,-0.12999999999999984,0.0,0,-0.13079999999999983,-130.79999999999984
CKBUSDT,CKB,2025-08-27,40,40,16,0.004865,0.005735,0.004952000000000001,0.006480549999999999,0.004952000000000001,0.17882836587872553,TP,1756325159999,0.13653007846556217,-0.00174895,2,0.13398112846556218,133.98112846556216
CKBUSDT,CKB,2026-02-12,40,40,11,0.001616,0.001671,0.0016215000000000001,0.0018882299999999999,0.0016215000000000001,0.0340346534653464,TP,1770913139999,0.02962298025134641,0.0002,2,0.02902298025134641,29.02298025134641
CKBUSDT,CKB,2026-02-18,40,40,7,0.001626,0.001688,0.0016322,0.0019074399999999998,0.0016322,0.038130381303812966,TP,1771419959999,0.03305687203791466,6.996e-05,1,0.03232683203791466,32.326832037914656
CYBERUSDT,CYBER,2025-11-20,40,40,23,0.829,0.95,0.8411,1.0735,0.8411,0.14595898673100116,TP,1763659079999,0.11463157894736842,-0.0108857,4,0.10294587894736842,102.94587894736843
CYBERUSDT,CYBER,2025-11-27,40,40,20,0.79,0.84,0.8207,0.9491999999999998,0.795,0.06329113924050622,TIME_EXIT,1764338400000,0.02297619047619046,-0.01052462,9,0.01165157047619046,11.65157047619046
CYBERUSDT,CYBER,2025-11-29,40,40,27,0.8067,0.8375,0.8653,0.946375,0.8097799999999999,0.03818024048593038,TIME_EXIT,1764511200000,-0.03319402985074619,-0.016040130000000003,9,-0.05003415985074619,-50.03415985074619
CYBERUSDT,CYBER,2025-12-31,40,40,37,0.721,0.8561,0.73451,0.9673929999999998,0.73451,0.18737864077669908,TP,1767234179999,0.14202780049059688,-0.0403941,6,0.10083370049059688,100.83370049059688
CYBERUSDT,CYBER,2026-02-03,40,40,47,0.5817,0.6622,0.58975,0.7482859999999999,0.58975,0.1383874849578821,TP,1770139019999,0.1094080338266385,-0.014784740000000001,4,0.0938232938266385,93.82329382663849
CYBERUSDT,CYBER,2026-02-18,40,40,30,0.5623,0.711,0.57717,0.8034299999999999,0.57717,0.2644495820736261,TP,1771506239999,0.18822784810126583,-0.05162869,9,0.13579915810126583,135.79915810126585
CYBERUSDT,CYBER,2026-02-22,40,40,16,0.5789,0.6337,0.58438,0.716081,0.58438,0.09466229055104525,TP,1771795859999,0.07782862553258645,-0.013368989999999999,5,0.06365963553258645,63.65963553258646
DEEPUSDT,DEEP,2025-07-14,40,40,5,0.17094,0.18421,0.18883,0.2081573,0.172267,0.07762957762957767,TIME_EXIT,1752588000000,-0.025080071657347512,-0.00128039,9,-0.02716046165734751,-27.16046165734751
DEEPUSDT,DEEP,2026-05-09,40,40,33,0.03304,0.0376,0.03633,0.042488,0.033496,0.13801452784503643,TIME_EXIT,1778421600000,0.03377659574468086,-0.00434303,9,0.028633565744680855,28.633565744680855
DOODUSDT,DOOD,2025-12-07,40,40,17,0.004828,0.005586,0.0049038,0.006312179999999999,0.0049038,0.1570008285004143,TP,1765116299999,0.12212674543501612,-0.01794376,11,0.10338298543501612,103.38298543501611
DOODUSDT,DOOD,2026-01-02,40,40,11,0.005566,0.005912,0.005797,0.0066805599999999995,0.0056006,0.06216313330937839,TIME_EXIT,1767448800000,0.0194519621109607,-0.00396098,9,0.0146909821109607,14.6909821109607
DOODUSDT,DOOD,2026-03-13,40,40,7,0.002846,0.002997,0.00338661,0.00338661,0.0028611,0.05305692199578349,SL,1773403919999,-0.12999999999999995,-0.00017336,3,-0.13097335999999996,-130.97335999999996
EDGEUSDT,EDGE,2026-04-03,40,22,14,0.7798,0.8116,0.9171079999999999,0.9171079999999999,0.78298,0.04077968709925606,SL,1775205599999,-0.12999999999999992,0.00014446,2,-0.1306555399999999,-130.65553999999992
EGLDUSDT,EGLD,2025-12-05,40,40,17,7.158,7.427,8.392509999999998,8.392509999999998,7.184900000000001,0.037580329701033754,SL,1764946979999,-0.12999999999999978,-0.0019673,1,-0.13276729999999978,-132.76729999999978
EGLDUSDT,EGLD,2026-01-10,40,40,15,6.253,6.506,6.2783,7.35178,6.2783,0.040460578922117296,TP,1768091819999,0.03499846295727028,-0.00203016,3,0.03216830295727027,32.16830295727027
EGLDUSDT,EGLD,2026-02-01,40,28,13,4.732,4.887,4.7475000000000005,5.522309999999999,4.7475000000000005,0.03275570583262888,TP,1769948699999,0.028545119705340512,7.105e-05,1,0.027816169705340513,27.816169705340513
ELSAUSDT,ELSA,2026-03-30,40,24,9,0.05916,0.06312,0.06549,0.07132559999999999,0.059556,0.06693711967545646,TIME_EXIT,1774965600000,-0.03754752851711044,-0.00218838,9,-0.04053590851711045,-40.53590851711045
ENSUSDT,ENS,2026-05-30,40,40,15,5.86,6.039,5.8779,6.824069999999999,5.8779,0.030546075085324143,TP,1780221599999,0.026676602086438045,-0.00041219,4,0.025464412086438046,25.464412086438045
ENSOUSDT,ENSO,2026-04-24,40,40,6,0.7802,0.8205,0.78423,0.9271649999999999,0.78423,0.05165342219943603,TP,1777077059999,0.04420475319926877,-0.00360546,6,0.03979929319926877,39.79929319926877
ERAUSDT,ERA,2025-10-12,40,23,22,0.3651,0.3851,0.43516299999999997,0.43516299999999997,0.3671,0.05477951246233914,SL,1760283119999,-0.12999999999999992,7.385e-05,3,-0.13072614999999993,-130.72614999999993
ERAUSDT,ERA,2025-11-24,40,40,15,0.2658,0.2785,0.26707,0.314705,0.26707,0.047780285929270194,TP,1764038279999,0.04104129263913842,-0.0046790600000000005,6,0.03556223263913842,35.56223263913842
FUSDT,F,2025-12-19,40,40,33,0.005606,0.007084,0.006958,0.008004919999999999,0.0057538,0.26364609347128076,TIME_EXIT,1766239200000,0.01778656126482217,-0.051839630000000005,9,-0.034853068735177836,-34.853068735177835
FUSDT,F,2026-02-08,40,40,38,0.005663,0.006436,0.005977,0.007272679999999999,0.005740299999999999,0.13650008829242455,TIME_EXIT,1770645600000,0.0713175885643257,-0.060983380000000004,9,0.0095342085643257,9.5342085643257
FUSDT,F,2026-03-13,40,40,15,0.005333,0.005889,0.005546,0.006654569999999999,0.0053886,0.10425651603225194,TIME_EXIT,1773496800000,0.05824418407199871,-0.00495928,9,0.05248490407199871,52.48490407199871
FUSDT,F,2026-03-17,40,40,8,0.005696,0.006219,0.0057483,0.007027469999999999,0.0057483,0.09181882022471921,TP,1773792419999,0.07568740955137485,-0.00919852,6,0.06568888955137485,65.68888955137484
FILUSDT,FIL,2025-11-07,33,40,13,1.892,2.126,2.4023799999999995,2.4023799999999995,1.9154,0.12367864693446085,SL,1762528679999,-0.12999999999999984,-0.00220562,1,-0.13300561999999982,-133.00561999999982
FLOCKUSDT,FLOCK,2026-02-22,40,40,7,0.05686,0.05888,0.0665344,0.0665344,0.057062,0.035525852972212446,SL,1771755899999,-0.12999999999999987,-0.0009682,2,-0.13176819999999986,-131.76819999999987
FLOCKUSDT,FLOCK,2026-03-17,40,40,11,0.05873,0.06351,0.059208,0.07176629999999999,0.059208,0.08138940916056536,TP,1773742139999,0.06773736419461503,-0.00127418,2,0.06566318419461503,65.66318419461503
FLOCKUSDT,FLOCK,2026-04-06,40,40,6,0.05083,0.0532,0.051067,0.06011599999999999,0.051067,0.046626008262836915,TP,1775526779999,0.04009398496240594,-4.637e-05,6,0.03924761496240594,39.24761496240594
FLUIDUSDT,FLUID,2025-10-27,40,40,4,4.727,4.932,4.7475000000000005,5.57316,4.7475000000000005,0.04336788660884272,TP,1761559499999,0.037408759124087566,-4.6280000000000004e-05,2,0.03656247912408756,36.56247912408756
FLUIDUSDT,FLUID,2025-11-10,40,40,29,3.95,4.092,4.088,4.623959999999999,3.9642,0.03594936708860752,TIME_EXIT,1762869600000,0.000977517106549257,-0.00060614,9,-0.000428622893450743,-0.428622893450743
FLUIDUSDT,FLUID,2025-11-22,40,40,158,2.915,4.12,3.289,4.6556,3.0355,0.41337907375643224,TIME_EXIT,1763906400000,0.20169902912621357,-0.015499660000000002,9,0.18539936912621358,185.39936912621357
FLUIDUSDT,FLUID,2026-01-03,40,40,15,2.84,3.206,3.037,3.6227799999999997,2.8766,0.12887323943661966,TIME_EXIT,1767535200000,0.052713661883967575,-0.0033609300000000003,9,0.048552731883967574,48.552731883967574
FLUIDUSDT,FLUID,2026-01-25,40,40,72,2.614,3.798,2.7324,4.29174,2.7324,0.452945677123183,TP,1769390459999,0.2805687203791469,-0.020540489999999998,6,0.25922823037914683,259.22823037914685
FLUIDUSDT,FLUID,2026-01-31,40,40,11,2.826,2.914,2.8348,3.29282,2.8348,0.03113941967445144,TP,1769847479999,0.0271791352093343,1.325e-05,2,0.0263923852093343,26.3923852093343
GUSDT,G,2026-01-25,40,40,32,0.004564,0.006086,0.0047162,0.006877179999999999,0.0047162,0.3334794040315512,TP,1769386019999,0.22507394019060137,-0.03640478,6,0.18786916019060138,187.86916019060138
GUSDT,G,2026-02-04,40,40,32,0.003722,0.004548,0.0038046,0.00513924,0.0038046,0.22192369693713054,TP,1770289019999,0.16345646437994724,-0.05517485,8,0.10748161437994724,107.48161437994725
GUSDT,G,2026-03-16,40,40,24,0.003448,0.004623,0.0052239899999999995,0.0052239899999999995,0.0035655,0.3407772621809746,SL,1773651899999,-0.1299999999999998,-0.022030389999999997,2,-0.15283038999999982,-152.83038999999982
GUSDT,G,2026-03-31,40,40,17,0.003463,0.004198,0.003837,0.00474374,0.0035364999999999997,0.21224371931851005,TIME_EXIT,1775052000000,0.08599333015721776,-0.04108209,9,0.04411124015721776,44.111240157217765
GASUSDT,GAS,2025-07-20,40,40,7,3.336,3.563,3.555,4.02619,3.3587,0.0680455635491608,TIME_EXIT,1753106400000,0.0022452989054167856,-0.00042984999999999996,9,0.0010154489054167858,1.0154489054167857
GASUSDT,GAS,2025-08-05,40,40,10,3.064,3.311,3.216,3.7414299999999994,3.0887000000000002,0.08061357702349858,TIME_EXIT,1754488800000,0.0286922379945635,-0.02905114,9,-0.0011589020054364983,-1.1589020054364982
GASUSDT,GAS,2025-08-16,40,40,4,3.293,3.411,3.385,3.85443,3.3048,0.03583358639538403,TIME_EXIT,1755439200000,0.007622398123717457,-0.00303909,9,0.003783308123717457,3.7833081237174566
GASUSDT,GAS,2026-01-27,40,40,16,1.88,2.073,1.8993,2.3424899999999997,1.8993,0.10265957446808516,TP,1769518979999,0.0837916063675832,-0.01613825,3,0.06685335636758322,66.85335636758322
GLMUSDT,GLM,2025-07-27,40,40,8,0.27273,0.28258,0.31931539999999997,0.31931539999999997,0.273715,0.03611630550361178,SL,1753599719999,-0.12999999999999992,5e-05,1,-0.13074999999999992,-130.74999999999991
GLMUSDT,GLM,2025-08-10,40,40,12,0.26125,0.26942,0.262067,0.30444459999999995,0.262067,0.03127272727272734,TP,1754811899999,0.0272919605077574,-0.00014578,1,0.0263461805077574,26.3461805077574
GMTUSDT,GMT,2025-12-28,39,33,3,0.01459,0.01532,0.0173116,0.0173116,0.014663,0.05003427004797811,SL,1766948699999,-0.12999999999999998,-0.00023627,2,-0.13103626999999998,-131.03626999999997
HIVEUSDT,HIVE,2025-12-28,40,40,17,0.09494,0.11149,0.096595,0.1259837,0.096595,0.17432062355171696,TP,1766956979999,0.13359942595748503,-0.01835995,5,0.11443947595748503,114.43947595748503
HIVEUSDT,HIVE,2026-05-23,40,40,11,0.05908,0.06095,0.059267,0.06887349999999999,0.059267,0.031651997291807676,TP,1779521579999,0.02761279737489741,-0.00434329,1,0.02246950737489741,22.46950737489741
HIVEUSDT,HIVE,2026-05-25,40,23,10,0.05989,0.0645,0.06184,0.07288499999999999,0.060351,0.07697445316413432,TIME_EXIT,1779804000000,0.04124031007751942,-0.02027594,9,0.020164370077519415,20.164370077519415
HOLOUSDT,HOLO,2025-11-22,40,40,27,0.0904,0.1007,0.09143,0.11379099999999999,0.09143,0.11393805309734528,TP,1763789639999,0.09205561072492553,-0.00127792,1,0.08997769072492554,89.97769072492554
HOLOUSDT,HOLO,2026-01-02,40,40,19,0.06689,0.07393,0.08354089999999999,0.08354089999999999,0.067594,0.10524742113918362,SL,1767340379999,-0.1299999999999999,-0.00153201,1,-0.1323320099999999,-132.33200999999988
HOLOUSDT,HOLO,2026-02-25,40,40,17,0.05383,0.0656,0.05821,0.074128,0.055007,0.218651309678618,TIME_EXIT,1772114400000,0.11265243902439036,-0.03249855,9,0.07935388902439036,79.35388902439036
HOLOUSDT,HOLO,2026-03-05,40,40,7,0.06009,0.0633,0.06303,0.07152899999999998,0.060411,0.05341987019470795,TIME_EXIT,1772805600000,0.004265402843601777,-0.00927702,9,-0.005811617156398224,-5.811617156398224
HYPERUSDT,HYPER,2026-01-11,40,40,26,0.1237,0.1586,0.1383,0.17921799999999996,0.12719,0.28213419563459974,TIME_EXIT,1768226400000,0.12799495586380824,-0.03816726,9,0.08902769586380824,89.02769586380823
ICXUSDT,ICX,2026-02-09,40,40,29,0.0398,0.0433,0.040150000000000005,0.04892899999999999,0.040150000000000005,0.0879396984924623,TP,1770667979999,0.07274826789838322,-0.014637299999999999,2,0.057310967898383226,57.310967898383225
ICXUSDT,ICX,2026-03-11,40,40,16,0.0349,0.0424,0.0368,0.047911999999999996,0.03565,0.21489971346704873,TIME_EXIT,1773324000000,0.13207547169811323,-0.03384257,30,0.09743290169811324,97.43290169811324
IDUSDT,ID,2026-02-27,40,40,13,0.04467,0.04621,0.044824,0.052217299999999994,0.044824,0.03447503917618078,TP,1772192639999,0.029993507898723185,-0.00149764,1,0.027695867898723185,27.695867898723186
IDUSDT,ID,2026-05-29,40,25,8,0.02655,0.02879,0.0325327,0.0325327,0.026774,0.08436911487758936,SL,1780041239999,-0.12999999999999995,0.0,0,-0.13079999999999994,-130.79999999999995
IMXUSDT,IMX,2026-03-02,40,40,24,0.1604,0.1676,0.16111999999999999,0.18938799999999997,0.16111999999999999,0.04488778054862852,TP,1772504519999,0.03866348448687359,-0.0016616299999999999,6,0.03620185448687359,36.201854486873586
IMXUSDT,IMX,2026-03-22,40,40,26,0.1555,0.165,0.15645,0.18645,0.15645,0.06109324758842449,TP,1774207919999,0.051818181818181826,-0.0033890599999999997,4,0.047629121818181824,47.62912181818182
IMXUSDT,IMX,2026-04-13,40,25,9,0.1376,0.1427,0.1482,0.16125099999999998,0.13811,0.0370639534883721,TIME_EXIT,1776175200000,-0.038542396636299964,-0.00080158,9,-0.04014397663629997,-40.14397663629997
INUSDT,IN,2026-01-30,40,30,11,0.05935,0.06481,0.059896,0.0732353,0.059896,0.09199663016006743,TP,1769838419999,0.07582163246412603,-0.018466510000000002,7,0.05655512246412603,56.55512246412603
INUSDT,IN,2026-02-07,40,40,15,0.05192,0.05568,0.05629,0.0629184,0.052296,0.07241910631741133,TIME_EXIT,1770559200000,-0.010955459770114933,-0.04615365,9,-0.05790910977011493,-57.90910977011493
INUSDT,IN,2026-04-09,40,40,20,0.05789,0.0657,0.0595,0.07424099999999999,0.058670999999999994,0.1349110381758507,TIME_EXIT,1775829600000,0.09436834094368338,-0.00882577,9,0.08474257094368338,84.74257094368339
INUSDT,IN,2026-04-14,40,40,13,0.05871,0.06133,0.0693029,0.0693029,0.058972,0.04462612842786595,SL,1776189179999,-0.12999999999999995,-0.00029324,4,-0.13109323999999994,-131.09323999999995
IOSTUSDT,IOST,2026-04-15,40,40,11,0.001085,0.001208,0.0010973,0.0013650399999999999,0.0010973,0.11336405529953919,TP,1776241079999,0.09163907284768213,-0.00374477,1,0.08709430284768215,87.09430284768214
KAITOUSDT,KAITO,2025-09-09,40,40,10,1.0846,1.4209,1.2967,1.6056169999999998,1.11823,0.3100682279181266,TIME_EXIT,1757512800000,0.08740938841579286,-0.044634349999999996,9,0.04197503841579287,41.97503841579287
KAITOUSDT,KAITO,2025-09-17,40,38,5,1.1142,1.173,1.1200800000000002,1.3254899999999998,1.1200800000000002,0.052773290253096405,TP,1758104219999,0.04511508951406637,-0.00642582,2,0.03788926951406637,37.88926951406637
KAITOUSDT,KAITO,2025-12-27,40,40,30,0.499,0.6157,0.5339,0.6957409999999999,0.51067,0.23386773547094197,TIME_EXIT,1766930400000,0.13285691083319795,-0.04486037,9,0.08719654083319796,87.19654083319796
KAITOUSDT,KAITO,2026-01-03,40,40,11,0.535,0.565,0.5535,0.6384499999999999,0.538,0.05607476635513997,TIME_EXIT,1767535200000,0.02035398230088488,-0.012492129999999999,9,0.007061852300884882,7.0618523008848815
KAVAUSDT,KAVA,2026-03-07,40,40,12,0.0579,0.0617,0.0641,0.06972099999999999,0.05828,0.06563039723661479,TIME_EXIT,1772978400000,-0.038897893030794266,-0.03964145,9,-0.07933934303079426,-79.33934303079427
KAVAUSDT,KAVA,2026-05-02,40,40,20,0.0568,0.0608,0.0622,0.06870399999999999,0.0572,0.07042253521126751,TIME_EXIT,1777816800000,-0.02302631578947366,-0.01135508,9,-0.03518139578947366,-35.181395789473655
KNCUSDT,KNC,2025-07-20,40,40,7,0.4314,0.4572,0.516636,0.516636,0.43398000000000003,0.05980528511821981,SL,1752996659999,-0.12999999999999998,0.0,0,-0.13079999999999997,-130.79999999999998
KNCUSDT,KNC,2025-07-28,40,40,20,0.4431,0.5638,0.45516999999999996,0.6370939999999999,0.45516999999999996,0.27239900699616326,TP,1753786139999,0.19267470734302947,-0.022160680000000002,4,0.16971402734302948,169.71402734302947
KNCUSDT,KNC,2026-03-02,40,40,24,0.1328,0.1602,0.1414,0.181026,0.13554,0.2063253012048194,TIME_EXIT,1772546400000,0.11735330836454438,-0.020513530000000002,4,0.09603977836454439,96.03977836454439
LAUSDT,LA,2025-09-24,40,40,18,0.384,0.4693,0.39253,0.5303089999999999,0.39253,0.2221354166666667,TP,1758758939999,0.1635840613679949,-0.017120789999999997,6,0.1456632713679949,145.6632713679949
LAUSDT,LA,2026-01-01,40,40,24,0.2981,0.3167,0.3162,0.35787099999999994,0.29996,0.06239516940623946,TIME_EXIT,1767362400000,0.0015787811809283249,-0.03033625,34,-0.029557468819071675,-29.557468819071676
LAUSDT,LA,2026-02-18,40,40,11,0.2051,0.2115,0.20574,0.23899499999999996,0.20574,0.031204290589956107,TP,1771440779999,0.02723404255319143,-0.022077099999999995,4,0.004356942553191436,4.356942553191436
LAUSDT,LA,2026-02-23,40,40,19,0.2126,0.2337,0.21471,0.26408099999999995,0.21471,0.09924741298212592,TP,1771895819999,0.08125802310654677,-0.04592618,6,0.03453184310654678,34.53184310654678
LAYERUSDT,LAYER,2025-12-25,40,40,15,0.1663,0.1836,0.1764,0.20746799999999999,0.16803,0.10402886349969931,TIME_EXIT,1766757600000,0.039215686274509866,-0.04370181,35,-0.005286123725490137,-5.286123725490137
LPTUSDT,LPT,2025-06-29,32,40,17,5.902,6.399,6.28,7.2308699999999995,5.9517,0.08420874279905122,TIME_EXIT,1751292000000,0.01859665572745738,-0.03361554,35,-0.01581888427254262,-15.818884272542618
LPTUSDT,LPT,2025-08-17,40,40,9,6.804,7.181,6.8417,8.114529999999998,6.8417,0.05540858318636088,TP,1755456959999,0.04724968667316526,-0.0015287100000000002,4,0.044920976673165254,44.920976673165256
LPTUSDT,LPT,2026-01-24,40,40,26,2.841,3.31,3.7402999999999995,3.7402999999999995,2.8879,0.1650827173530447,SL,1769296619999,-0.12999999999999984,-0.03030038,5,-0.16110037999999982,-161.10037999999983
LPTUSDT,LPT,2026-02-13,40,40,36,2.344,2.582,2.49,2.9176599999999997,2.3678,0.1015358361774743,TIME_EXIT,1771077600000,0.035631293570875154,-0.028791399999999998,9,0.006039893570875154,6.0398935708751536
LPTUSDT,LPT,2026-02-24,40,40,18,2.197,2.265,2.2038,2.55945,2.2038,0.030951297223486662,TP,1771910399999,0.027019867549668838,-0.00278935,1,0.02343051754966884,23.43051754966884
LSKUSDT,LSK,2025-11-11,40,40,24,0.205,0.2357,0.266341,0.266341,0.20806999999999998,0.14975609756097574,SL,1762843859999,-0.13,-0.00174218,1,-0.13254218,-132.54218
LSKUSDT,LSK,2026-03-03,40,40,7,0.1274,0.1339,0.12805,0.15130699999999997,0.12805,0.05102040816326503,TP,1772595299999,0.043689320388349474,-0.0010462800000000001,6,0.041843040388349476,41.84304038834948
MANAUSDT,MANA,2025-08-31,40,40,8,0.285,0.2993,0.28642999999999996,0.338209,0.28642999999999996,0.05017543859649143,TP,1756685039999,0.04300033411293033,-9.739999999999998e-06,3,0.04219059411293033,42.19059411293033
MANTRAUSDT,MANTRA,2026-05-09,34,40,5,0.01087,0.01123,0.010905999999999999,0.012689899999999999,0.010905999999999999,0.03311867525298995,TP,1778308739999,0.028851291184327815,5e-05,1,0.028101291184327817,28.101291184327817
MASKUSDT,MASK,2025-12-28,40,40,20,0.6031,0.6488,0.6076699999999999,0.733144,0.6076699999999999,0.07577516166473242,TP,1766967359999,0.063393958076449,-0.00559129,6,0.057002668076449006,57.002668076449005
MASKUSDT,MASK,2026-01-14,40,40,15,0.6959,0.7205,0.69836,0.8141649999999999,0.69836,0.035349906595775415,TP,1768415639999,0.03072866065232484,8.202e-05,4,0.03001068065232484,30.01068065232484
MASKUSDT,MASK,2026-02-15,40,40,20,0.4881,0.5068,0.48996999999999996,0.572684,0.48996999999999996,0.03831182134808442,TP,1771157399999,0.03320836621941607,-0.0031863499999999997,3,0.02922201621941607,29.22201621941607
MEUSDT,ME,2025-07-13,40,29,5,0.8038,0.8367,0.854,0.945471,0.80709,0.04093057974620562,TIME_EXIT,1752501600000,-0.020676467073024958,-0.0007612200000000001,9,-0.022237687073024957,-22.237687073024958
MEUSDT,ME,2025-09-22,40,40,27,0.7302,0.8574,0.74292,0.968862,0.74292,0.17419884963023846,TP,1758520979999,0.13351994401679498,-0.01385194,1,0.11886800401679498,118.86800401679498
MEUSDT,ME,2025-10-27,40,40,5,0.452,0.478,0.54014,0.54014,0.4546,0.05752212389380529,SL,1761551279999,-0.12999999999999995,-0.00093359,1,-0.13173358999999996,-131.73358999999996
MEUSDT,ME,2026-03-16,40,40,4,0.1163,0.121,0.13673,0.13673,0.11677,0.040412725709372266,SL,1773660659999,-0.12999999999999995,-0.00248016,2,-0.13328015999999995,-133.28015999999997
MINAUSDT,MINA,2026-02-10,40,40,16,0.063,0.0661,0.06331,0.074693,0.06331,0.049206349206349254,TP,1770783839999,0.0422087745839637,-0.01008427,3,0.0313245045839637,31.3245045839637
MINAUSDT,MINA,2026-04-01,40,40,23,0.05293,0.05965,0.05646,0.06740449999999999,0.053602,0.12696013602871714,TIME_EXIT,1775138400000,0.05347862531433358,-0.01606822,4,0.03661040531433358,36.610405314333576
MINAUSDT,MINA,2026-04-10,40,40,17,0.05589,0.06017,0.056318,0.0679921,0.056318,0.07657899445339056,TP,1775871539999,0.06401861392720627,-0.00852137,3,0.05469724392720628,54.69724392720628
MINAUSDT,MINA,2026-05-04,40,40,12,0.05943,0.06172,0.06282,0.06974359999999999,0.059659,0.038532727578663994,TIME_EXIT,1777989600000,-0.017822423849643613,-0.0028317999999999998,4,-0.02145422384964361,-21.45422384964361
MIRAUSDT,MIRA,2025-12-21,40,40,10,0.1293,0.1362,0.12999,0.15390599999999996,0.12999,0.05336426914153125,TP,1766305319999,0.04559471365638762,-0.0035934699999999997,2,0.041201243656387616,41.20124365638762
MOCAUSDT,MOCA,2025-06-24,40,40,6,0.06962,0.08025,0.070683,0.0906825,0.070683,0.15268600976730817,TP,1750821539999,0.11921495327102812,0.00030000000000000003,6,0.11871495327102811,118.71495327102811
MOCAUSDT,MOCA,2025-07-13,40,40,51,0.07617,0.09514,0.08288,0.1075082,0.078067,0.24904818169883147,TIME_EXIT,1752501600000,0.12886272861046885,-0.0009190699999999999,9,0.12714365861046886,127.14365861046886
MOCAUSDT,MOCA,2026-01-15,40,40,8,0.02348,0.02434,0.023566,0.0275042,0.023566,0.03662691652470196,TP,1768488239999,0.031799506984387854,-0.00481681,3,0.026182696984387854,26.182696984387853
MOCAUSDT,MOCA,2026-04-18,40,40,5,0.01377,0.01435,0.013828,0.016215499999999997,0.013828,0.042120551924473615,TP,1776557039999,0.036376306620209055,0.00030000000000000003,6,0.035876306620209054,35.87630662020906
MOODENGUSDT,MOODENG,2026-04-06,40,40,11,0.04581,0.04759,0.045987999999999994,0.0537767,0.045987999999999994,0.038856144946518345,TP,1775514779999,0.033662534145829086,-0.0028981799999999998,5,0.029964354145829084,29.964354145829084
MOVEUSDT,MOVE,2025-12-27,35,24,10,0.0351,0.03647,0.035237,0.0412111,0.035237,0.03903133903133904,TP,1766833859999,0.03380860981628749,-0.00252791,2,0.03048069981628749,30.48069981628749
MOVEUSDT,MOVE,2026-01-15,40,40,17,0.03743,0.04123,0.037809999999999996,0.0465899,0.037809999999999996,0.10152284263959399,TP,1768503779999,0.08294930875576052,-0.02967703,4,0.05247227875576053,52.47227875576053
MTLUSDT,MTL,2026-01-13,40,40,15,0.3758,0.43,0.4012,0.48589999999999994,0.38122,0.14422565194252246,TIME_EXIT,1768399200000,0.06697674418604649,-0.01542031,4,0.050756434186046494,50.75643418604649
MTLUSDT,MTL,2026-05-23,40,40,23,0.2911,0.324,0.3061,0.36612,0.29439000000000004,0.11301958090003428,TIME_EXIT,1779631200000,0.055246913580247,-0.03420836,4,0.020238553580246996,20.238553580246997
NEWTUSDT,NEWT,2025-07-29,40,40,14,0.3832,0.4125,0.38613,0.46612499999999996,0.38613,0.07646137787056362,TP,1753779719999,0.06392727272727274,-0.00569568,2,0.05743159272727274,57.43159272727274
NEWTUSDT,NEWT,2026-02-25,40,34,6,0.06429,0.06866,0.06721,0.0775858,0.064727,0.06797324622802914,TIME_EXIT,1772114400000,0.021118555199533835,-0.0007373600000000001,9,0.019581195199533837,19.581195199533838
ONGUSDT,ONG,2026-01-27,40,40,33,0.08125,0.09385,0.08251,0.10605049999999999,0.08251,0.1550769230769231,TP,1769558519999,0.12083111347895581,-0.03700238,6,0.08302873347895581,83.02873347895581
ONGUSDT,ONG,2026-03-30,30,36,13,0.05667,0.06072,0.06032,0.0686136,0.057075,0.07146638433033359,TIME_EXIT,1774965600000,0.006587615283267532,-0.035831629999999996,9,-0.030044014716732466,-30.044014716732466
ONGUSDT,ONG,2026-05-05,40,40,5,0.07339,0.07576,0.073627,0.08560879999999998,0.073627,0.03229322796021261,TP,1778042699999,0.02815469904963036,-0.0005855799999999999,7,0.026769119049630363,26.769119049630362
ONTUSDT,ONT,2025-08-25,40,40,14,0.1571,0.1931,0.21820299999999998,0.21820299999999998,0.16069999999999998,0.22915340547422036,SL,1756117559999,-0.12999999999999992,-0.01165224,1,-0.14245223999999992,-142.45223999999993
ONTUSDT,ONT,2026-01-06,40,40,5,0.0648,0.0676,0.0657,0.07638799999999998,0.06508,0.043209876543209846,TIME_EXIT,1767794400000,0.028106508875739632,-0.011367569999999999,9,0.015938938875739633,15.938938875739634
ONTUSDT,ONT,2026-01-27,40,40,13,0.0581,0.0621,0.058499999999999996,0.070173,0.058499999999999996,0.0688468158347677,TP,1769512799999,0.057971014492753714,-0.01117607,2,0.04599494449275371,45.99494449275371
ONTUSDT,ONT,2026-05-19,40,40,7,0.0581,0.0648,0.058769999999999996,0.07322399999999998,0.058769999999999996,0.11531841652323571,TP,1779236099999,0.09305555555555557,-0.027338,6,0.06491755555555558,64.91755555555558
OPENUSDT,OPEN,2025-10-03,40,40,16,0.4439,0.4863,0.549519,0.549519,0.44814000000000004,0.0955170083352106,SL,1759472579999,-0.12999999999999992,-0.0037123,1,-0.13451229999999992,-134.51229999999993
OPENUSDT,OPEN,2025-11-08,40,40,14,0.2889,0.301,0.29011,0.34012999999999993,0.29011,0.04188300449982685,TP,1762616099999,0.036179401993355516,-0.00612958,3,0.029249821993355515,29.249821993355514
OPENUSDT,OPEN,2025-11-24,40,40,22,0.2356,0.2584,0.2396,0.291992,0.23788,0.09677419354838723,TIME_EXIT,1764079200000,0.07275541795665638,-0.015606669999999998,9,0.05634874795665639,56.34874795665639
OPENUSDT,OPEN,2025-12-30,40,40,19,0.1615,0.1723,0.16258,0.19469899999999998,0.16258,0.06687306501547985,TP,1767142379999,0.05641323273360421,-0.00070265,6,0.05491058273360421,54.91058273360421
ORCAUSDT,ORCA,2026-01-05,40,40,14,1.155,1.239,1.213,1.40007,1.1634,0.07272727272727275,TIME_EXIT,1767708000000,0.02098466505246168,-0.02733502,9,-0.00715035494753832,-7.15035494753832
ORCAUSDT,ORCA,2026-02-17,40,40,34,0.799,1.021,1.1537299999999997,1.1537299999999997,0.8212,0.2778473091364204,SL,1771315859999,-0.1299999999999998,-0.037163350000000005,5,-0.16796334999999982,-167.96334999999982
ORCAUSDT,ORCA,2026-05-07,40,23,12,1.503,1.667,1.559,1.8837099999999998,1.5193999999999999,0.10911510312707917,TIME_EXIT,1778248800000,0.06478704259148176,-0.020849930000000003,9,0.04313711259148176,43.13711259148176
ORDERUSDT,ORDER,2025-11-22,40,40,22,0.10635,0.10994,0.106709,0.12423219999999999,0.106709,0.033756464503996275,TP,1763788919999,0.029388757504093123,0.0,0,0.028588757504093124,28.588757504093124
ORDERUSDT,ORDER,2026-04-06,40,40,19,0.04835,0.05749,0.05128,0.0649637,0.049263999999999995,0.18903826266804558,TIME_EXIT,1775570400000,0.10801878587580449,-0.032775059999999995,9,0.0744437258758045,74.4437258758045
ORDERUSDT,ORDER,2026-04-08,33,34,16,0.05348,0.06477,0.06026,0.07319009999999998,0.054609,0.21110695587135364,TIME_EXIT,1775743200000,0.06963100200710196,-0.035655950000000006,9,0.033175052007101954,33.175052007101954
ORDERUSDT,ORDER,2026-04-14,40,40,13,0.05804,0.06068,0.06285,0.06856839999999999,0.058304,0.045485871812543044,TIME_EXIT,1776261600000,-0.03576137112722488,-0.00620754,9,-0.042768911127224876,-42.768911127224875
ORDERUSDT,ORDER,2026-05-05,40,40,10,0.05736,0.05972,0.057596,0.06748359999999999,0.057596,0.04114365411436549,TP,1777970399999,0.03556597454789017,-0.0016346099999999999,2,0.03313136454789017,33.131364547890165
PLUMEUSDT,PLUME,2026-01-25,32,33,7,0.01551,0.01608,0.015567,0.0181704,0.015567,0.03675048355899424,TP,1769364779999,0.031902985074626945,-0.0008852300000000001,4,0.030217755074626946,30.217755074626947
PLUMEUSDT,PLUME,2026-04-13,40,40,5,0.01015,0.01051,0.010185999999999999,0.0118763,0.010185999999999999,0.03546798029556664,TP,1776056939999,0.03082778306374894,-0.00080946,1,0.02921832306374894,29.21832306374894
POLYXUSDT,POLYX,2025-07-28,40,40,11,0.16179,0.16775,0.162386,0.1895575,0.162386,0.036837876259348645,TP,1753702439999,0.03197615499254848,-0.00010385,2,0.031072304992548483,31.07230499254848
POLYXUSDT,POLYX,2026-04-04,40,40,25,0.04513,0.05473,0.04836,0.061844899999999994,0.046090000000000006,0.21271881231996437,TIME_EXIT,1775397600000,0.11638954869358671,-0.07541735,9,0.04017219869358672,40.17219869358672
POLYXUSDT,POLYX,2026-05-15,40,40,10,0.05447,0.06207,0.05523,0.0701391,0.05523,0.13952634477694148,TP,1778850239999,0.11019816336394392,-0.013921870000000001,3,0.09547629336394392,95.47629336394392
POWRUSDT,POWR,2025-07-14,40,40,12,0.1786,0.1857,0.17931,0.20984099999999997,0.17931,0.039753639417693165,TP,1752517679999,0.03441033925686595,-5.249e-05,4,0.033557849256865946,33.55784925686594
PRLUSDT,PRL,2026-05-05,40,40,19,0.2657,0.2999,0.26911999999999997,0.338887,0.26911999999999997,0.1287165976665412,TP,1778039639999,0.10263421140380137,-0.0051932700000000016,6,0.09664094140380138,96.64094140380138
PRLUSDT,PRL,2026-05-27,40,27,13,0.1596,0.1694,0.16058,0.19142199999999998,0.16058,0.06140350877192979,TP,1779862259999,0.05206611570247931,-0.00580976,1,0.04545635570247931,45.45635570247931
PUNDIXUSDT,PUNDIX,2025-06-07,40,40,9,0.3121,0.3231,0.3212,0.36510299999999996,0.3132,0.03524511374559447,TIME_EXIT,1749391200000,0.005880532342927926,-0.00585328,9,-0.0007727476570720745,-0.7727476570720746
PUNDIXUSDT,PUNDIX,2025-07-10,40,40,4,0.3,0.3136,0.3254,0.35436799999999996,0.30135999999999996,0.04533333333333345,TIME_EXIT,1752242400000,-0.03762755102040827,5.644e-05,9,-0.03837111102040827,-38.37111102040827
PUNDIXUSDT,PUNDIX,2025-07-15,40,40,21,0.3268,0.3483,0.3429,0.39357899999999996,0.32894999999999996,0.06578947368421062,TIME_EXIT,1752674400000,0.015503875968992293,-0.00600993,9,0.008693945968992292,8.693945968992292
PUNDIXUSDT,PUNDIX,2025-07-20,40,40,6,0.3444,0.3558,0.3643,0.40205399999999997,0.34553999999999996,0.03310104529616731,TIME_EXIT,1753106400000,-0.02388982574480047,-0.00068908,9,-0.02537890574480047,-25.37890574480047
PUNDIXUSDT,PUNDIX,2025-10-11,40,29,23,0.2392,0.2684,0.2928,0.303292,0.24212,0.12207357859531776,TIME_EXIT,1760277600000,-0.09090909090909081,-0.00146559,9,-0.09317468090909081,-93.17468090909081
QTUMUSDT,QTUM,2025-08-23,31,40,15,2.376,2.668,2.865,3.01484,2.4052,0.12289562289562306,TIME_EXIT,1756044000000,-0.07383808095952026,-0.00132598,4,-0.07596406095952025,-75.96406095952025
QTUMUSDT,QTUM,2025-10-08,40,40,11,2.109,2.256,2.259,2.5492799999999995,2.1237,0.06970128022759603,TIME_EXIT,1760018400000,-0.0013297872340426037,-0.00753754,4,-0.009667327234042603,-9.667327234042602
QTUMUSDT,QTUM,2026-01-06,40,40,14,1.447,1.517,1.454,1.7142099999999998,1.454,0.048375950241879684,TP,1767721799999,0.04152933421226101,-0.00249071,2,0.038238624212261006,38.23862421226101
REDUSDT,RED,2025-11-10,40,40,23,0.3321,0.3459,0.33348,0.39086699999999996,0.33348,0.04155374887082197,TP,1762784219999,0.035906331309627025,-0.00157258,3,0.033533751309627026,33.53375130962703
REDUSDT,RED,2025-12-04,40,40,20,0.2734,0.3206,0.27812,0.362278,0.27812,0.17264081931236297,TP,1764875519999,0.13250155957579543,-0.02570741,4,0.10599414957579543,105.99414957579543
REDUSDT,RED,2026-02-27,40,40,22,0.161,0.1835,0.16325,0.20735499999999998,0.16325,0.13975155279503104,TP,1772212619999,0.11035422343324246,-0.01530057,4,0.09425365343324246,94.25365343324246
REDUSDT,RED,2026-04-24,40,40,15,0.134,0.1462,0.13522,0.165206,0.13522,0.09104477611940287,TP,1777079039999,0.0751025991792065,-0.017653040000000002,6,0.056649559179206506,56.649559179206506
RVNUSDT,RVN,2026-03-17,40,40,36,0.00577,0.00638,0.005831,0.0072093999999999995,0.005831,0.10571923743500866,TP,1773792119999,0.08605015673981191,-0.00699464,6,0.07825551673981192,78.25551673981192
RVNUSDT,RVN,2026-04-25,40,40,11,0.00596,0.00621,0.005985,0.0070173,0.005985,0.04194630872483218,TP,1777117319999,0.03623188405797107,-0.00076588,2,0.03466600405797107,34.66600405797107
SAFEUSDT,SAFE,2025-07-05,40,40,11,0.3968,0.4256,0.4329,0.4809279999999999,0.39968,0.07258064516129026,TIME_EXIT,1751810400000,-0.01715225563909781,-0.02275461,9,-0.04070686563909781,-40.70686563909781
SAFEUSDT,SAFE,2025-07-14,40,40,30,0.4875,0.5332,0.49207,0.6025159999999999,0.49207,0.09374358974358987,TP,1752519239999,0.07713803450862716,-0.00476198,4,0.07157605450862717,71.57605450862717
SAFEUSDT,SAFE,2025-08-13,38,37,4,0.4516,0.467,0.45314,0.52771,0.45314,0.03410097431355186,TP,1755168179999,0.029678800856531132,0.0004,8,0.029278800856531135,29.278800856531134
SAFEUSDT,SAFE,2025-11-28,40,40,51,0.1632,0.1795,0.16483,0.20283499999999996,0.16483,0.09987745098039214,TP,1764342719999,0.08172701949860718,-0.01298169,3,0.06794532949860718,67.94532949860718
SAFEUSDT,SAFE,2026-01-15,37,40,24,0.1644,0.1907,0.16702999999999998,0.215491,0.16702999999999998,0.1599756690997569,TP,1768522019999,0.1241216570529629,-0.01934444,6,0.1039772170529629,103.9772170529629
SAFEUSDT,SAFE,2026-01-18,40,40,27,0.1835,0.2124,0.18639,0.24001199999999998,0.18639,0.15749318801089918,TP,1768780919999,0.1224576271186441,-0.007694100000000001,6,0.1139635271186441,113.96352711864411
SAHARAUSDT,SAHARA,2026-01-29,40,40,17,0.02471,0.02606,0.024845,0.029447799999999996,0.024845,0.0546337515176043,TP,1769669279999,0.046623177283192666,-0.0030356,1,0.042787577283192664,42.78757728319266
SAHARAUSDT,SAHARA,2026-02-25,40,40,7,0.01458,0.01532,0.01496,0.0173116,0.014653999999999999,0.050754458161865745,TIME_EXIT,1772114400000,0.02349869451697134,-0.00039998000000000003,9,0.02229871451697134,22.29871451697134
SAHARAUSDT,SAHARA,2026-03-09,36,23,10,0.02093,0.02331,0.02479,0.026340299999999997,0.021168,0.11371237458193972,TIME_EXIT,1773151200000,-0.06349206349206343,-0.08637406,34,-0.15066612349206343,-150.66612349206343
SIGNUSDT,SIGN,2026-01-05,40,40,14,0.03828,0.03988,0.03908,0.0450644,0.03844,0.04179728317659337,TIME_EXIT,1767708000000,0.02006018054162493,-0.0010735300000000003,9,0.01818665054162493,18.18665054162493
SIGNUSDT,SIGN,2026-02-28,40,40,26,0.02434,0.03118,0.025024,0.0352334,0.025024,0.28101889893179943,TP,1772326919999,0.19743425272610643,-0.0023089599999999997,6,0.19432529272610644,194.32529272610643
SKRUSDT,SKR,2026-03-01,40,40,19,0.021773,0.022691,0.0218648,0.025640829999999996,0.0218648,0.04216231111927615,TP,1772395979999,0.036410911815257116,-0.0022046599999999998,17,0.03340625181525712,33.406251815257114
SKRUSDT,SKR,2026-03-07,39,40,22,0.023204,0.024779,0.0233615,0.028000269999999997,0.0233615,0.06787622823651085,TP,1772952419999,0.05720569837362277,-0.00825939,7,0.04814630837362277,48.14630837362277
SKRUSDT,SKR,2026-05-13,40,22,4,0.016482,0.017124,0.0165462,0.01935012,0.0165462,0.038951583545686175,TP,1778675459999,0.033742116327960744,0.00015000000000000001,3,0.03309211632796074,33.09211632796074
SOMIUSDT,SOMI,2026-01-03,40,40,4,0.2541,0.2624,0.25493,0.296512,0.25493,0.032664305391578274,TP,1767418799999,0.028467987804878168,5e-05,1,0.02771798780487817,27.71798780487817
SOMIUSDT,SOMI,2026-01-28,40,40,18,0.2342,0.2674,0.302162,0.302162,0.23752,0.1417591801878737,SL,1769584679999,-0.12999999999999984,-0.00233599,1,-0.13313598999999984,-133.13598999999985
SOMIUSDT,SOMI,2026-02-04,36,34,14,0.2004,0.211,0.20146,0.23842999999999998,0.20146,0.05289421157684626,TP,1770195359999,0.045213270142180066,-0.00055261,2,0.04386066014218006,43.86066014218006
SOMIUSDT,SOMI,2026-04-26,40,40,33,0.1808,0.2113,0.18384999999999999,0.23876899999999995,0.18384999999999999,0.16869469026548667,TP,1777202279999,0.12991008045433036,-0.0022494,2,0.12686068045433035,126.86068045433035
SONICUSDT,SONIC,2025-07-12,40,40,12,0.2224,0.2322,0.22338,0.26238599999999995,0.22338,0.04406474820143891,TP,1752324599999,0.037984496124030986,-0.00130082,3,0.03588367612403098,35.883676124030984
SONICUSDT,SONIC,2025-11-22,40,31,11,0.086,0.0902,0.08642,0.10192599999999999,0.08642,0.04883720930232571,TP,1763789639999,0.04190687361419075,-0.00050973,1,0.04059714361419075,40.59714361419075
SONICUSDT,SONIC,2026-02-09,40,40,11,0.0398,0.04108,0.039928000000000005,0.046420399999999994,0.039928000000000005,0.032160804020100464,TP,1770625679999,0.02804284323271649,-0.00027793999999999996,2,0.02696490323271649,26.96490323271649
SONICUSDT,SONIC,2026-02-18,40,40,17,0.04583,0.05225,0.046472,0.05904249999999999,0.046472,0.1400829151210996,TP,1771449839999,0.11058373205741624,-0.0025401,5,0.10724363205741624,107.24363205741625
SONICUSDT,SONIC,2026-03-17,40,40,6,0.04483,0.0465,0.044997,0.052544999999999994,0.044997,0.037251840285523086,TP,1773834899999,0.032322580645161234,-0.00646241,8,0.02506017064516123,25.06017064516123
SONICUSDT,SONIC,2026-05-10,40,40,9,0.04001,0.04294,0.048522199999999995,0.048522199999999995,0.040303,0.07323169207698088,SL,1778467199999,-0.1299999999999999,-0.01267602,6,-0.1434760199999999,-143.4760199999999
SOPHUSDT,SOPH,2026-01-04,40,40,8,0.013093,0.014123,0.013196000000000001,0.01595899,0.013196000000000001,0.07866799052929041,TP,1767587459999,0.06563761240529625,-0.0022088,7,0.06262881240529626,62.62881240529626
SOPHUSDT,SOPH,2026-02-28,31,39,8,0.009002,0.009766,0.0090784,0.01103558,0.0090784,0.08487002888247064,TP,1772260559999,0.07040753635060414,-0.01307455,1,0.056532986350604136,56.53298635060413
STEEMUSDT,STEEM,2025-12-18,40,40,12,0.06244,0.06507,0.06270300000000001,0.0735291,0.06270300000000001,0.04212043561819345,TP,1766038199999,0.0363762102351313,-0.00575336,1,0.0298228502351313,29.822850235131302
STEEMUSDT,STEEM,2025-12-25,40,40,6,0.06422,0.06776,0.06457399999999999,0.07656879999999999,0.06457399999999999,0.05512301463718461,TP,1766706359999,0.047018890200708506,-0.006003659999999999,5,0.0402152302007085,40.215230200708504
STEEMUSDT,STEEM,2026-01-27,40,32,3,0.06565,0.06861,0.065946,0.0775293,0.065946,0.04508758568164506,TP,1769505719999,0.03882815916047223,-0.00015042,2,0.037877739160472226,37.877739160472224
STEEMUSDT,STEEM,2026-02-18,40,40,11,0.0519,0.06326,0.053036,0.07148379999999999,0.053036,0.21888246628131003,TP,1771460339999,0.16161871640847292,-0.041294529999999996,6,0.11952418640847293,119.52418640847293
STEEMUSDT,STEEM,2026-02-24,40,40,21,0.04588,0.06171,0.05691,0.0697323,0.047463,0.34503051438535315,TIME_EXIT,1772028000000,0.07778317938745744,-0.14569745,34,-0.06871427061254257,-68.71427061254256
STEEMUSDT,STEEM,2026-03-01,40,39,19,0.05623,0.06277,0.05933,0.0709301,0.056884000000000004,0.11630802062955725,TIME_EXIT,1772460000000,0.05480324996017214,-0.04157743,35,0.01242581996017214,12.425819960172142
STEEMUSDT,STEEM,2026-03-08,40,22,13,0.05637,0.05916,0.05959,0.06685079999999999,0.056649000000000005,0.049494411921234605,TIME_EXIT,1773064800000,-0.007268424611223797,-0.02216123,9,-0.030229654611223795,-30.229654611223797
STEEMUSDT,STEEM,2026-03-14,40,40,11,0.05884,0.06311,0.06159,0.0713143,0.059267,0.07256968048946288,TIME_EXIT,1773583200000,0.024084931072730163,-0.017784159999999997,9,0.005500771072730167,5.500771072730167
STEEMUSDT,STEEM,2026-03-29,40,40,10,0.0572,0.06009,0.057489,0.0679017,0.057489,0.050524475524475365,TP,1774780379999,0.04328507239141287,-0.01367355,2,0.028811522391412867,28.811522391412865
STEEMUSDT,STEEM,2026-05-23,40,40,10,0.05178,0.0542,0.052022,0.061245999999999995,0.052022,0.04673619157976039,TP,1779523379999,0.04018450184501844,-0.00800693,2,0.03137757184501844,31.377571845018437
STORJUSDT,STORJ,2026-02-16,40,40,22,0.1011,0.1137,0.1056,0.12848099999999998,0.10235999999999999,0.12462908011869445,TIME_EXIT,1771336800000,0.07124010554089706,-0.0149522,9,0.05548790554089707,55.48790554089707
SUPERUSDT,SUPER,2025-11-22,40,40,58,0.2027,0.2189,0.20432,0.247357,0.20432,0.0799210656142082,TP,1763786159999,0.06660575605299228,-0.00777524,1,0.05803051605299228,58.03051605299228
SUPERUSDT,SUPER,2025-12-21,40,40,15,0.2247,0.2374,0.22597,0.268262,0.22597,0.05651980418335545,TP,1766320979999,0.04814658803706822,-0.009153080000000001,9,0.03819350803706822,38.19350803706822
SUPERUSDT,SUPER,2026-01-25,40,40,8,0.1998,0.2074,0.20056000000000002,0.234362,0.20056000000000002,0.03803803803803807,TP,1769356019999,0.03297974927675981,-0.00775322,3,0.024426529276759812,24.426529276759812
SUPERUSDT,SUPER,2026-02-16,40,40,19,0.1252,0.1345,0.1307,0.151985,0.12613000000000002,0.07428115015974446,TIME_EXIT,1771336800000,0.0282527881040892,-0.01611648,9,0.011336308104089202,11.336308104089202
SUPERUSDT,SUPER,2026-03-26,40,40,17,0.1144,0.1296,0.11592,0.14644799999999997,0.11592,0.1328671328671327,TP,1774573799999,0.10555555555555554,-0.03530544,6,0.06945011555555555,69.45011555555556
SUPERUSDT,SUPER,2026-05-24,40,40,16,0.1139,0.1307,0.1235,0.147691,0.11558,0.14749780509218624,TIME_EXIT,1779717600000,0.05508798775822503,-0.034244210000000004,9,0.020043777758225023,20.043777758225023
TUSDT,T,2026-04-05,40,40,10,0.006112,0.006388,0.0061396,0.007218439999999999,0.0061396,0.045157068062827044,TP,1775392259999,0.03888541014401993,-0.00501324,3,0.033072170144019926,33.07217014401993
TAIKOUSDT,TAIKO,2025-07-18,40,40,10,0.4978,0.5275,0.50077,0.5960749999999999,0.50077,0.0596625150662915,TP,1752851999999,0.05067298578199037,0.00015000000000000001,3,0.05002298578199037,50.022985781990364
TAIKOUSDT,TAIKO,2025-07-21,40,40,11,0.5259,0.5449,0.5278,0.615737,0.5278,0.036128541547822746,TP,1753147019999,0.031381904936685634,0.00030000000000000003,6,0.030881904936685637,30.881904936685636
TAIKOUSDT,TAIKO,2025-08-04,40,40,8,0.4265,0.4445,0.4283,0.502285,0.4283,0.042203985932004695,TP,1754379299999,0.03644544431946005,-0.0004483199999999999,7,0.035197124319460045,35.197124319460045
TAIKOUSDT,TAIKO,2025-08-08,40,40,3,0.4442,0.4778,0.4916,0.539914,0.44755999999999996,0.07564160288158495,TIME_EXIT,1754748000000,-0.028882377563834195,-0.00043408,9,-0.030116457563834194,-30.116457563834192
TAIKOUSDT,TAIKO,2025-08-17,40,40,5,0.4468,0.4635,0.44847,0.523755,0.44847,0.03737690241718905,TP,1755480599999,0.03242718446601951,0.00030000000000000003,6,0.03192718446601951,31.92718446601951
TAIKOUSDT,TAIKO,2025-08-27,40,28,4,0.4041,0.4186,0.4206,0.473018,0.40555,0.03588220737441228,TIME_EXIT,1756389600000,-0.004777830864787258,0.00045000000000000004,9,-0.005127830864787258,-5.127830864787258
TAIKOUSDT,TAIKO,2026-01-09,40,40,21,0.18,0.1904,0.18104,0.21515199999999998,0.18104,0.05777777777777793,TP,1768011239999,0.04915966386554625,8.977e-05,6,0.04844943386554625,48.449433865546254
TAIKOUSDT,TAIKO,2026-01-26,40,40,53,0.1758,0.2551,0.18373,0.288263,0.18373,0.45108077360637067,TP,1769477039999,0.2797726381811054,-0.021504869999999995,6,0.2574677681811054,257.4677681811054
TAIKOUSDT,TAIKO,2026-02-18,40,40,6,0.126,0.1311,0.12651,0.14814299999999997,0.12651,0.04047619047619033,TP,1771495619999,0.035011441647597126,-0.00209671,8,0.03211473164759712,32.114731647597125
THETAUSDT,THETA,2026-04-04,40,40,10,0.146,0.1538,0.17379399999999998,0.17379399999999998,0.14678,0.05342465753424652,SL,1775286299999,-0.1299999999999999,0.0,0,-0.1307999999999999,-130.7999999999999
TOSHIUSDT,TOSHI,2025-10-02,34,40,9,0.0007591,0.0007883,0.0008024,0.000890779,0.00076202,0.03846660519035705,TIME_EXIT,1759500000000,-0.01788659139921345,0.0003277600000000001,9,-0.01835883139921345,-18.35883139921345
TOSHIUSDT,TOSHI,2025-12-07,40,40,8,0.0004047,0.00042,0.00040623000000000005,0.0004746,0.00040623000000000005,0.037805782060785775,TP,1765095299999,0.03278571428571422,-0.00404347,2,0.027942244285714214,27.942244285714214
TOSHIUSDT,TOSHI,2026-02-12,35,40,10,0.0001998,0.0002059,0.00023266699999999996,0.00023266699999999996,0.00020041000000000001,0.030530530530530564,SL,1770884339999,-0.12999999999999987,-0.0025280700000000003,2,-0.13332806999999985,-133.32806999999985
VANAUSDT,VANA,2025-10-27,40,40,14,2.736,3.292,2.7916000000000003,3.7199599999999995,2.7916000000000003,0.20321637426900563,TP,1761610379999,0.15200486026731455,-0.015910189999999998,6,0.13529467026731457,135.29467026731456
VANAUSDT,VANA,2026-01-14,40,40,7,2.402,2.485,2.4103000000000003,2.8080499999999997,2.4103000000000003,0.03455453788509555,TP,1768447679999,0.030060362173038046,-0.00099508,6,0.02826528217303805,28.26528217303805
VANAUSDT,VANA,2026-03-29,40,40,24,1.184,1.327,1.1983,1.49951,1.1983,0.12077702702702697,TP,1774829759999,0.09698568198944992,-0.01498058,6,0.08120510198944991,81.20510198944991
VTHOUSDT,VTHO,2025-12-21,40,40,46,0.000818,0.001059,0.0008975,0.00119667,0.0008421,0.29462102689486547,TIME_EXIT,1766412000000,0.15250236071765824,-0.03674896,9,0.11495340071765825,114.95340071765825
VTHOUSDT,VTHO,2026-02-12,40,40,54,0.000556,0.0006541,0.0006018,0.000739133,0.0005658099999999999,0.17643884892086348,TIME_EXIT,1770991200000,0.07995719308974167,-0.00962512,9,0.06953207308974167,69.53207308974167
VTHOUSDT,VTHO,2026-02-22,40,40,32,0.0005897,0.0006668,0.0005974099999999999,0.000753484,0.0005974099999999999,0.1307444463286418,TP,1771804919999,0.10406418716256766,-0.01705841,6,0.08620577716256766,86.20577716256767
VTHOUSDT,VTHO,2026-05-30,40,40,14,0.0004796,0.000567,0.00064071,0.00064071,0.00048834,0.18223519599666393,SL,1780124759999,-0.1299999999999999,-0.00390894,1,-0.1347089399999999,-134.7089399999999
WALUSDT,WAL,2025-09-02,40,40,21,0.3766,0.4068,0.4248,0.4596839999999999,0.37962,0.08019118428040373,TIME_EXIT,1756908000000,-0.04424778761061951,-0.00794302,9,-0.052990807610619514,-52.99080761061951
WALUSDT,WAL,2026-01-09,40,40,33,0.1406,0.1565,0.14219,0.17684499999999997,0.14219,0.11308677098150777,TP,1768007519999,0.09143769968051112,-0.011632130000000001,6,0.07900556968051112,79.00556968051112
WALUSDT,WAL,2026-03-18,40,40,25,0.08244,0.0877,0.082966,0.099101,0.082966,0.06380397865114018,TP,1773833879999,0.05397947548460664,-0.00151116,2,0.05166831548460664,51.66831548460664
WAXPUSDT,WAXP,2026-03-10,40,40,9,0.006165,0.006409,0.006529,0.007242169999999999,0.0061894,0.03957826439578249,TIME_EXIT,1773237600000,-0.01872366983928855,-0.00174603,9,-0.021269699839288548,-21.26969983928855
WAXPUSDT,WAXP,2026-03-20,40,40,16,0.006334,0.007224,0.00816312,0.00816312,0.006423,0.14051152510262077,SL,1774007999999,-0.12999999999999987,-0.027816,2,-0.15861599999999987,-158.61599999999987
YGGUSDT,YGG,2026-01-22,40,20,5,0.06335,0.06652,0.063667,0.07516759999999999,0.063667,0.05003946329913167,TP,1769089439999,0.04288935658448579,-0.00017551,3,0.04191384658448579,41.91384658448579
YGGUSDT,YGG,2026-02-21,40,40,27,0.04011,0.05054,0.04485,0.0571102,0.041153,0.26003490401396157,TIME_EXIT,1771768800000,0.11258409180846855,-0.04242821,9,0.06935588180846855,69.35588180846855
YGGUSDT,YGG,2026-03-15,40,40,12,0.03957,0.042,0.039813,0.047459999999999995,0.039813,0.06141015921152393,TP,1773620999999,0.0520714285714286,-0.00419791,6,0.0470735185714286,47.0735185714286
ZETAUSDT,ZETA,2026-04-05,40,40,14,0.04944,0.05443,0.049939,0.061505899999999995,0.049939,0.10093042071197411,TP,1775392199999,0.08250964541613084,-0.01605398,3,0.06565566541613085,65.65566541613086
ZETAUSDT,ZETA,2026-04-17,40,40,13,0.05367,0.06196,0.05559,0.07001479999999999,0.054499000000000006,0.15446245574809025,TIME_EXIT,1776520800000,0.10280826339573919,-0.03272157999999999,9,0.06928668339573921,69.2866833957392
ZILUSDT,ZIL,2026-01-12,40,40,17,0.00516,0.00581,0.00574,0.0065653,0.005225,0.12596899224806202,TIME_EXIT,1768312800000,0.012048192771084295,-0.009531989999999999,4,0.0017162027710842954,1.7162027710842953
ZILUSDT,ZIL,2026-03-18,40,22,6,0.00433,0.00451,0.0043479999999999994,0.0050963,0.0043479999999999994,0.04157043879907629,TP,1773835259999,0.03592017738359217,-0.00232979,3,0.03279038738359217,32.79038738359217
ZKUSDT,ZK,2026-02-01,40,40,197,0.02211,0.02671,0.0301823,0.0301823,0.02257,0.20805065581184978,SL,1769938619999,-0.1299999999999999,-0.010437410000000001,2,-0.1412374099999999,-141.2374099999999
ZKCUSDT,ZKC,2026-01-03,40,40,10,0.118,0.1235,0.11854999999999999,0.13955499999999998,0.11854999999999999,0.04661016949152552,TP,1767425459999,0.04008097165991911,-0.00082,1,0.03846097165991911,38.46097165991911
ZKPUSDT,ZKP,2026-02-01,40,40,49,0.0847,0.12047,0.088277,0.13613109999999998,0.088277,0.42231404958677676,TP,1769987399999,0.26722835560720515,-0.05099907,20,0.21542928560720512,215.42928560720512
ZORAUSDT,ZORA,2025-11-13,40,40,67,0.05509,0.06965,0.056546,0.0787045,0.056546,0.264294790343075,TP,1763084399999,0.188140703517588,-0.035063840000000006,6,0.15227686351758798,152.276863517588
ZORAUSDT,ZORA,2025-11-16,40,40,19,0.05197,0.05681,0.052454,0.0641953,0.052454,0.09313065229940354,TP,1763300699999,0.07667664143636682,-0.0143544,3,0.06152224143636682,61.522241436366826
ZORAUSDT,ZORA,2025-12-20,40,40,13,0.04227,0.04389,0.042432000000000004,0.04959569999999999,0.042432000000000004,0.03832505322924051,TP,1766210339999,0.033219412166780454,-0.00165394,1,0.030765472166780453,30.76547216678045
ZORAUSDT,ZORA,2026-02-01,40,40,41,0.02215,0.0393,0.02531,0.044409,0.023864999999999997,0.7742663656884876,TIME_EXIT,1770040800000,0.35597964376590335,-0.07336553999999999,9,0.2818141037659033,281.8141037659033
ZRXUSDT,ZRX,2025-12-30,40,40,49,0.1385,0.1613,0.1456,0.182269,0.14078000000000002,0.16462093862815874,TIME_EXIT,1767189600000,0.09733415995040293,-0.09731027000000002,30,-0.0007761100495970868,-0.7761100495970868
