period,s_entry,s_exit,s_stop,n_trades,expectancy,ci_low,win_rate,pf,ann_return_pct,mdd_pct
IS_2026,0.05,0.05,0.05,180,27.03,14.96,77.2,2.37,117.63,2.56
IS_2026,0.05,0.05,0.1,180,26.97,14.86,77.2,2.36,117.34,2.57
IS_2026,0.05,0.05,0.2,180,26.84,14.88,77.2,2.35,116.77,2.59
IS_2026,0.05,0.05,0.3,180,26.7,14.51,77.2,2.33,116.19,2.61
IS_2026,0.05,0.05,0.5,180,26.44,15.03,77.2,2.3,115.04,2.65
IS_2026,0.05,0.05,0.75,180,26.11,14.76,77.2,2.26,113.61,2.7
IS_2026,0.05,0.05,1.0,180,25.78,12.91,77.2,2.23,112.17,2.75
IS_2026,0.05,0.1,0.05,180,26.85,15.77,77.2,2.36,116.81,2.57
IS_2026,0.05,0.1,0.1,180,26.78,15.19,77.2,2.35,116.52,2.57
IS_2026,0.05,0.1,0.2,180,26.65,16.05,77.2,2.33,115.95,2.59
IS_2026,0.05,0.1,0.3,180,26.52,13.2,77.2,2.32,115.38,2.61
IS_2026,0.05,0.1,0.5,180,26.25,13.05,77.2,2.29,114.23,2.65
IS_2026,0.05,0.1,0.75,180,25.92,13.77,77.2,2.25,112.79,2.7
IS_2026,0.05,0.1,1.0,180,25.59,13.28,77.2,2.22,111.36,2.75
IS_2026,0.05,0.15,0.05,180,26.66,15.07,77.2,2.34,116.0,2.57
IS_2026,0.05,0.15,0.1,180,26.59,14.53,77.2,2.34,115.71,2.58
IS_2026,0.05,0.15,0.2,180,26.46,14.82,77.2,2.32,115.13,2.6
IS_2026,0.05,0.15,0.3,180,26.33,13.97,77.2,2.3,114.56,2.62
IS_2026,0.05,0.15,0.5,180,26.07,12.74,77.2,2.28,113.41,2.66
IS_2026,0.05,0.15,0.75,180,25.74,12.84,77.2,2.24,111.98,2.71
IS_2026,0.05,0.15,1.0,180,25.41,12.72,77.2,2.2,110.54,2.76
IS_2026,0.05,0.2,0.05,180,26.47,14.15,76.7,2.33,115.18,2.58
IS_2026,0.05,0.2,0.1,180,26.41,14.33,76.7,2.32,114.89,2.59
IS_2026,0.05,0.2,0.2,180,26.27,14.19,76.7,2.31,114.32,2.61
IS_2026,0.05,0.2,0.3,180,26.14,14.69,76.7,2.29,113.75,2.63
IS_2026,0.05,0.2,0.5,180,25.88,14.05,76.7,2.26,112.6,2.67
IS_2026,0.05,0.2,0.75,180,25.55,13.81,76.7,2.23,111.16,2.72
IS_2026,0.05,0.2,1.0,180,25.22,12.62,76.7,2.19,109.73,2.77
IS_2026,0.05,0.3,0.05,180,26.1,14.32,76.7,2.3,113.55,2.59
IS_2026,0.05,0.3,0.1,180,26.03,13.89,76.7,2.3,113.26,2.6
IS_2026,0.05,0.3,0.2,180,25.9,15.02,76.7,2.28,112.69,2.62
IS_2026,0.05,0.3,0.3,180,25.77,13.68,76.7,2.27,112.12,2.64
IS_2026,0.05,0.3,0.5,180,25.5,13.36,76.7,2.24,110.97,2.68
IS_2026,0.05,0.3,0.75,180,25.17,11.99,76.7,2.2,109.53,2.73
IS_2026,0.05,0.3,1.0,180,24.84,13.28,76.7,2.17,108.1,2.78
IS_2026,0.1,0.05,0.05,180,26.19,13.9,77.2,2.32,113.95,2.58
IS_2026,0.1,0.05,0.1,180,26.12,14.6,77.2,2.32,113.67,2.59
IS_2026,0.1,0.05,0.2,180,25.99,14.12,77.2,2.3,113.09,2.61
IS_2026,0.1,0.05,0.3,180,25.86,14.8,77.2,2.29,112.52,2.63
IS_2026,0.1,0.05,0.5,180,25.6,13.71,77.2,2.26,111.37,2.67
IS_2026,0.1,0.05,0.75,180,25.27,13.38,77.2,2.22,109.94,2.72
IS_2026,0.1,0.05,1.0,180,24.94,12.93,77.2,2.18,108.5,2.77
IS_2026,0.1,0.1,0.05,180,26.0,14.59,77.2,2.31,113.13,2.59
IS_2026,0.1,0.1,0.1,180,25.93,13.71,77.2,2.3,112.84,2.6
IS_2026,0.1,0.1,0.2,180,25.8,14.47,77.2,2.29,112.27,2.62
IS_2026,0.1,0.1,0.3,180,25.67,13.92,77.2,2.27,111.69,2.64
IS_2026,0.1,0.1,0.5,180,25.41,12.62,77.2,2.24,110.54,2.68
IS_2026,0.1,0.1,0.75,180,25.08,13.06,77.2,2.21,109.11,2.73
IS_2026,0.1,0.1,1.0,180,24.75,12.35,77.2,2.17,107.67,2.78
IS_2026,0.1,0.15,0.05,180,25.81,13.88,76.7,2.3,112.3,2.6
IS_2026,0.1,0.15,0.1,180,25.74,13.55,76.7,2.29,112.01,2.61
IS_2026,0.1,0.15,0.2,180,25.61,13.0,76.7,2.27,111.44,2.63
IS_2026,0.1,0.15,0.3,180,25.48,13.28,76.7,2.26,110.86,2.65
IS_2026,0.1,0.15,0.5,180,25.22,13.33,76.7,2.23,109.72,2.69
IS_2026,0.1,0.15,0.75,180,24.89,12.26,76.7,2.19,108.28,2.74
IS_2026,0.1,0.15,1.0,180,24.56,12.59,76.7,2.16,106.85,2.79
IS_2026,0.1,0.2,0.05,180,25.62,13.54,76.7,2.28,111.47,2.6
IS_2026,0.1,0.2,0.1,180,25.55,13.75,76.7,2.28,111.19,2.61
IS_2026,0.1,0.2,0.2,180,25.42,12.63,76.7,2.26,110.61,2.63
IS_2026,0.1,0.2,0.3,180,25.29,14.15,76.7,2.25,110.04,2.65
IS_2026,0.1,0.2,0.5,180,25.03,13.03,76.7,2.22,108.89,2.69
IS_2026,0.1,0.2,0.75,180,24.7,12.52,76.7,2.18,107.46,2.74
IS_2026,0.1,0.2,1.0,180,24.37,12.54,76.7,2.15,106.02,2.79
IS_2026,0.1,0.3,0.05,180,25.24,13.32,76.7,2.26,109.82,2.62
IS_2026,0.1,0.3,0.1,180,25.17,12.7,76.7,2.25,109.53,2.63
IS_2026,0.1,0.3,0.2,180,25.04,14.03,76.7,2.23,108.96,2.65
IS_2026,0.1,0.3,0.3,180,24.91,13.05,76.7,2.22,108.38,2.67
IS_2026,0.1,0.3,0.5,180,24.65,13.05,76.7,2.19,107.24,2.71
IS_2026,0.1,0.3,0.75,180,24.32,10.93,76.7,2.16,105.8,2.76
IS_2026,0.1,0.3,1.0,180,23.99,11.46,76.7,2.12,104.37,2.81
IS_2026,0.15,0.05,0.05,180,25.75,14.29,77.2,2.3,112.04,2.59
IS_2026,0.15,0.05,0.1,180,25.68,14.09,77.2,2.29,111.75,2.6
IS_2026,0.15,0.05,0.2,180,25.55,13.03,77.2,2.27,111.18,2.62
IS_2026,0.15,0.05,0.3,180,25.42,13.77,77.2,2.26,110.61,2.64
IS_2026,0.15,0.05,0.5,180,25.16,14.09,77.2,2.23,109.46,2.68
IS_2026,0.15,0.05,0.75,180,24.83,12.72,77.2,2.2,108.02,2.73
IS_2026,0.15,0.05,1.0,180,24.5,12.17,77.2,2.16,106.59,2.78
IS_2026,0.15,0.1,0.05,180,25.56,14.7,76.7,2.28,111.2,2.6
IS_2026,0.15,0.1,0.1,180,25.49,13.01,76.7,2.28,110.91,2.61
IS_2026,0.15,0.1,0.2,180,25.36,12.96,76.7,2.26,110.34,2.63
IS_2026,0.15,0.1,0.3,180,25.23,14.2,76.7,2.25,109.77,2.65
IS_2026,0.15,0.1,0.5,180,24.96,12.74,76.7,2.22,108.62,2.69
IS_2026,0.15,0.1,0.75,180,24.63,13.32,76.7,2.18,107.18,2.74
IS_2026,0.15,0.1,1.0,180,24.3,11.56,76.7,2.15,105.75,2.79
IS_2026,0.15,0.15,0.05,180,25.36,13.25,76.7,2.27,110.36,2.61
IS_2026,0.15,0.15,0.1,180,25.3,13.2,76.7,2.26,110.08,2.62
IS_2026,0.15,0.15,0.2,180,25.17,13.32,76.7,2.25,109.5,2.64
IS_2026,0.15,0.15,0.3,180,25.04,13.47,76.7,2.23,108.93,2.66
IS_2026,0.15,0.15,0.5,180,24.77,12.39,76.7,2.2,107.78,2.7
IS_2026,0.15,0.15,0.75,180,24.44,12.76,76.7,2.17,106.35,2.75
IS_2026,0.15,0.15,1.0,180,24.11,11.33,76.7,2.14,104.91,2.8
IS_2026,0.15,0.2,0.05,180,25.17,12.97,76.7,2.26,109.52,2.61
IS_2026,0.15,0.2,0.1,180,25.11,12.15,76.7,2.25,109.24,2.62
IS_2026,0.15,0.2,0.2,180,24.97,13.67,76.7,2.23,108.66,2.64
IS_2026,0.15,0.2,0.3,180,24.84,12.68,76.7,2.22,108.09,2.66
IS_2026,0.15,0.2,0.5,180,24.58,12.06,76.7,2.19,106.94,2.7
IS_2026,0.15,0.2,0.75,180,24.25,12.16,76.7,2.16,105.51,2.75
IS_2026,0.15,0.2,1.0,180,23.92,11.53,76.7,2.12,104.07,2.8
IS_2026,0.15,0.3,0.05,180,24.79,12.95,76.7,2.23,107.84,2.63
IS_2026,0.15,0.3,0.1,180,24.72,12.58,76.7,2.22,107.56,2.64
IS_2026,0.15,0.3,0.2,180,24.59,11.89,76.7,2.21,106.98,2.66
IS_2026,0.15,0.3,0.3,180,24.46,12.66,76.7,2.19,106.41,2.68
IS_2026,0.15,0.3,0.5,180,24.19,12.45,76.7,2.17,105.26,2.72
IS_2026,0.15,0.3,0.75,180,23.86,12.04,76.7,2.13,103.83,2.77
IS_2026,0.15,0.3,1.0,180,23.53,11.42,76.7,2.1,102.39,2.82
IS_2026,0.2,0.05,0.05,180,25.35,13.0,76.7,2.27,110.31,2.6
IS_2026,0.2,0.05,0.1,180,25.29,14.34,76.7,2.27,110.02,2.61
IS_2026,0.2,0.05,0.2,180,25.15,11.9,76.7,2.25,109.45,2.63
IS_2026,0.2,0.05,0.3,180,25.02,12.69,76.7,2.24,108.88,2.65
IS_2026,0.2,0.05,0.5,180,24.76,12.69,76.7,2.21,107.73,2.69
IS_2026,0.2,0.05,0.75,180,24.43,12.6,76.7,2.17,106.29,2.74
IS_2026,0.2,0.05,1.0,180,24.1,11.97,76.7,2.14,104.86,2.79
IS_2026,0.2,0.1,0.05,180,25.16,13.56,76.7,2.26,109.47,2.61
IS_2026,0.2,0.1,0.1,180,25.09,13.24,76.7,2.25,109.18,2.62
IS_2026,0.2,0.1,0.2,180,24.96,12.34,76.7,2.24,108.61,2.64
IS_2026,0.2,0.1,0.3,180,24.83,12.84,76.7,2.22,108.04,2.66
IS_2026,0.2,0.1,0.5,180,24.57,12.64,76.7,2.19,106.89,2.7
IS_2026,0.2,0.1,0.75,180,24.24,12.19,76.7,2.16,105.45,2.75
IS_2026,0.2,0.1,1.0,180,23.91,11.66,76.7,2.13,104.02,2.8
IS_2026,0.2,0.15,0.05,180,24.97,12.62,76.7,2.25,108.63,2.62
IS_2026,0.2,0.15,0.1,180,24.9,12.98,76.7,2.24,108.34,2.63
IS_2026,0.2,0.15,0.2,180,24.77,13.41,76.7,2.22,107.77,2.65
IS_2026,0.2,0.15,0.3,180,24.64,12.19,76.7,2.21,107.2,2.67
IS_2026,0.2,0.15,0.5,180,24.37,12.72,76.7,2.18,106.05,2.71
IS_2026,0.2,0.15,0.75,180,24.04,12.24,76.7,2.15,104.61,2.76
IS_2026,0.2,0.15,1.0,180,23.71,11.65,76.7,2.11,103.18,2.81
IS_2026,0.2,0.2,0.05,180,24.77,12.19,76.7,2.23,107.79,2.62
IS_2026,0.2,0.2,0.1,180,24.71,13.14,76.7,2.23,107.5,2.63
IS_2026,0.2,0.2,0.2,180,24.58,12.24,76.7,2.21,106.93,2.65
IS_2026,0.2,0.2,0.3,180,24.44,12.06,76.7,2.2,106.36,2.67
IS_2026,0.2,0.2,0.5,180,24.18,12.09,76.7,2.17,105.21,2.71
IS_2026,0.2,0.2,0.75,180,23.85,12.76,76.7,2.14,103.77,2.76
IS_2026,0.2,0.2,1.0,180,23.52,10.95,76.7,2.1,102.34,2.81
IS_2026,0.2,0.3,0.05,180,24.39,11.94,76.1,2.21,106.11,2.64
IS_2026,0.2,0.3,0.1,180,24.32,12.34,76.1,2.2,105.82,2.65
IS_2026,0.2,0.3,0.2,180,24.19,12.7,76.1,2.19,105.25,2.67
IS_2026,0.2,0.3,0.3,180,24.06,11.92,76.1,2.17,104.68,2.69
IS_2026,0.2,0.3,0.5,180,23.79,10.77,76.1,2.14,103.53,2.73
IS_2026,0.2,0.3,0.75,180,23.46,11.47,76.1,2.11,102.09,2.78
IS_2026,0.2,0.3,1.0,180,23.13,10.38,76.1,2.08,100.66,2.83
IS_2026,0.3,0.05,0.05,180,24.14,11.95,76.1,2.18,105.05,2.58
IS_2026,0.3,0.05,0.1,180,24.08,12.44,76.1,2.17,104.75,2.59
IS_2026,0.3,0.05,0.2,180,23.94,13.24,76.1,2.16,104.15,2.62
IS_2026,0.3,0.05,0.3,180,23.8,11.99,76.1,2.15,103.55,2.65
IS_2026,0.3,0.05,0.5,180,23.52,10.65,76.1,2.12,102.35,2.71
IS_2026,0.3,0.05,0.75,180,23.18,11.03,76.1,2.08,100.85,2.78
IS_2026,0.3,0.05,1.0,180,22.83,11.21,76.1,2.05,99.34,2.86
IS_2026,0.3,0.1,0.05,180,23.95,12.9,76.1,2.17,104.23,2.58
IS_2026,0.3,0.1,0.1,180,23.89,12.34,76.1,2.16,103.93,2.6
IS_2026,0.3,0.1,0.2,180,23.75,12.23,76.1,2.15,103.32,2.63
IS_2026,0.3,0.1,0.3,180,23.61,11.56,76.1,2.13,102.72,2.66
IS_2026,0.3,0.1,0.5,180,23.33,11.45,76.1,2.11,101.52,2.72
IS_2026,0.3,0.1,0.75,180,22.99,11.2,76.1,2.07,100.02,2.79
IS_2026,0.3,0.1,1.0,180,22.64,9.8,76.1,2.04,98.51,2.86
IS_2026,0.3,0.15,0.05,180,23.76,11.85,76.1,2.16,103.4,2.59
IS_2026,0.3,0.15,0.1,180,23.7,11.05,76.1,2.15,103.1,2.6
IS_2026,0.3,0.15,0.2,180,23.56,11.39,76.1,2.13,102.5,2.63
IS_2026,0.3,0.15,0.3,180,23.42,10.69,76.1,2.12,101.89,2.66
IS_2026,0.3,0.15,0.5,180,23.14,11.52,76.1,2.09,100.69,2.72
IS_2026,0.3,0.15,0.75,180,22.8,10.54,76.1,2.06,99.19,2.79
IS_2026,0.3,0.15,1.0,180,22.45,10.59,76.1,2.03,97.69,2.87
IS_2026,0.3,0.2,0.05,180,23.57,12.08,75.6,2.14,102.57,2.6
IS_2026,0.3,0.2,0.1,180,23.5,11.27,75.6,2.14,102.27,2.61
IS_2026,0.3,0.2,0.2,180,23.37,10.89,75.6,2.12,101.67,2.64
IS_2026,0.3,0.2,0.3,180,23.23,10.48,75.6,2.11,101.07,2.67
IS_2026,0.3,0.2,0.5,180,22.95,11.34,75.6,2.08,99.86,2.73
IS_2026,0.3,0.2,0.75,180,22.61,10.86,75.6,2.05,98.36,2.8
IS_2026,0.3,0.2,1.0,180,22.26,10.64,75.6,2.02,96.86,2.87
IS_2026,0.3,0.3,0.05,180,23.19,11.04,75.0,2.12,100.91,2.61
IS_2026,0.3,0.3,0.1,180,23.12,10.98,75.0,2.11,100.61,2.62
IS_2026,0.3,0.3,0.2,180,22.99,9.99,75.0,2.1,100.01,2.65
IS_2026,0.3,0.3,0.3,180,22.85,10.67,75.0,2.08,99.41,2.68
IS_2026,0.3,0.3,0.5,180,22.57,9.8,75.0,2.06,98.21,2.74
IS_2026,0.3,0.3,0.75,180,22.23,9.61,75.0,2.02,96.71,2.81
IS_2026,0.3,0.3,1.0,180,21.88,9.95,75.0,1.99,95.2,2.89
OOS_2025,0.05,0.05,0.05,171,16.34,4.59,71.9,1.72,27.95,3.94
OOS_2025,0.05,0.05,0.1,171,16.27,4.83,71.9,1.71,27.82,3.96
OOS_2025,0.05,0.05,0.2,171,16.12,4.73,71.9,1.7,27.56,4.01
OOS_2025,0.05,0.05,0.3,171,15.96,4.82,71.9,1.69,27.3,4.05
OOS_2025,0.05,0.05,0.5,171,15.66,3.69,71.9,1.67,26.78,4.14
OOS_2025,0.05,0.05,0.75,171,15.28,4.1,71.9,1.64,26.13,4.26
OOS_2025,0.05,0.05,1.0,171,14.9,2.79,71.9,1.62,25.48,4.37
OOS_2025,0.05,0.1,0.05,171,16.18,4.84,70.2,1.71,27.67,3.96
OOS_2025,0.05,0.1,0.1,171,16.11,3.89,70.2,1.7,27.54,3.99
OOS_2025,0.05,0.1,0.2,171,15.95,4.45,70.2,1.69,27.28,4.03
OOS_2025,0.05,0.1,0.3,171,15.8,3.63,70.2,1.68,27.02,4.08
OOS_2025,0.05,0.1,0.5,171,15.5,3.85,70.2,1.66,26.5,4.17
OOS_2025,0.05,0.1,0.75,171,15.12,3.04,70.2,1.63,25.85,4.28
OOS_2025,0.05,0.1,1.0,171,14.74,2.67,70.2,1.61,25.2,4.4
OOS_2025,0.05,0.15,0.05,171,16.02,4.83,70.2,1.7,27.39,3.99
OOS_2025,0.05,0.15,0.1,171,15.94,4.28,70.2,1.69,27.26,4.01
OOS_2025,0.05,0.15,0.2,171,15.79,3.84,70.2,1.68,27.0,4.06
OOS_2025,0.05,0.15,0.3,171,15.64,4.41,70.2,1.67,26.74,4.1
OOS_2025,0.05,0.15,0.5,171,15.33,3.51,70.2,1.65,26.22,4.19
OOS_2025,0.05,0.15,0.75,171,14.95,3.69,70.2,1.62,25.57,4.31
OOS_2025,0.05,0.15,1.0,171,14.57,2.31,70.2,1.6,24.92,4.42
OOS_2025,0.05,0.2,0.05,171,15.86,5.22,70.2,1.69,27.11,4.01
OOS_2025,0.05,0.2,0.1,171,15.78,3.96,70.2,1.68,26.98,4.04
OOS_2025,0.05,0.2,0.2,171,15.63,4.71,70.2,1.67,26.72,4.08
OOS_2025,0.05,0.2,0.3,171,15.48,4.37,70.2,1.66,26.46,4.13
OOS_2025,0.05,0.2,0.5,171,15.17,2.34,70.2,1.64,25.94,4.22
OOS_2025,0.05,0.2,0.75,171,14.79,2.5,70.2,1.61,25.29,4.33
OOS_2025,0.05,0.2,1.0,171,14.41,2.42,70.2,1.59,24.64,4.45
OOS_2025,0.05,0.3,0.05,171,15.53,3.5,68.4,1.67,26.56,4.07
OOS_2025,0.05,0.3,0.1,171,15.46,4.59,68.4,1.66,26.43,4.09
OOS_2025,0.05,0.3,0.2,171,15.3,4.29,68.4,1.65,26.17,4.13
OOS_2025,0.05,0.3,0.3,171,15.15,3.0,68.4,1.64,25.91,4.18
OOS_2025,0.05,0.3,0.5,171,14.85,4.11,68.4,1.62,25.39,4.27
OOS_2025,0.05,0.3,0.75,171,14.47,2.21,68.4,1.6,24.74,4.39
OOS_2025,0.05,0.3,1.0,171,14.09,3.36,68.4,1.57,24.09,4.5
OOS_2025,0.1,0.05,0.05,171,15.95,4.5,70.2,1.7,27.28,3.98
OOS_2025,0.1,0.05,0.1,171,15.88,4.04,70.2,1.69,27.15,4.0
OOS_2025,0.1,0.05,0.2,171,15.73,4.07,70.2,1.68,26.89,4.05
OOS_2025,0.1,0.05,0.3,171,15.57,3.76,70.2,1.67,26.63,4.09
OOS_2025,0.1,0.05,0.5,171,15.27,3.83,70.2,1.65,26.11,4.18
OOS_2025,0.1,0.05,0.75,171,14.89,3.6,70.2,1.62,25.46,4.3
OOS_2025,0.1,0.05,1.0,171,14.51,3.42,70.2,1.6,24.81,4.41
OOS_2025,0.1,0.1,0.05,171,15.79,3.6,70.2,1.69,27.0,4.0
OOS_2025,0.1,0.1,0.1,171,15.72,5.23,70.2,1.68,26.87,4.03
OOS_2025,0.1,0.1,0.2,171,15.56,4.04,70.2,1.67,26.61,4.07
OOS_2025,0.1,0.1,0.3,171,15.41,4.18,70.2,1.66,26.35,4.12
OOS_2025,0.1,0.1,0.5,171,15.11,3.94,70.2,1.64,25.83,4.21
OOS_2025,0.1,0.1,0.75,171,14.73,3.06,70.2,1.61,25.18,4.32
OOS_2025,0.1,0.1,1.0,171,14.35,1.21,70.2,1.59,24.53,4.44
OOS_2025,0.1,0.15,0.05,171,15.63,4.4,70.2,1.68,26.73,4.03
OOS_2025,0.1,0.15,0.1,171,15.55,4.58,70.2,1.67,26.6,4.05
OOS_2025,0.1,0.15,0.2,171,15.4,3.35,70.2,1.66,26.34,4.1
OOS_2025,0.1,0.15,0.3,171,15.25,3.78,70.2,1.65,26.08,4.14
OOS_2025,0.1,0.15,0.5,171,14.95,3.3,70.2,1.63,25.56,4.23
OOS_2025,0.1,0.15,0.75,171,14.56,2.76,70.2,1.61,24.91,4.35
OOS_2025,0.1,0.15,1.0,171,14.18,2.81,70.2,1.58,24.26,4.46
OOS_2025,0.1,0.2,0.05,171,15.47,4.46,69.0,1.67,26.45,4.06
OOS_2025,0.1,0.2,0.1,171,15.39,3.88,69.0,1.66,26.32,4.08
OOS_2025,0.1,0.2,0.2,171,15.24,4.15,69.0,1.65,26.06,4.12
OOS_2025,0.1,0.2,0.3,171,15.09,4.08,69.0,1.64,25.8,4.17
OOS_2025,0.1,0.2,0.5,171,14.78,3.24,69.0,1.62,25.28,4.26
OOS_2025,0.1,0.2,0.75,171,14.4,2.92,69.0,1.6,24.63,4.37
OOS_2025,0.1,0.2,1.0,171,14.02,1.6,69.0,1.57,23.98,4.49
OOS_2025,0.1,0.3,0.05,171,15.14,4.3,67.8,1.65,25.89,4.11
OOS_2025,0.1,0.3,0.1,171,15.07,3.85,67.8,1.65,25.76,4.13
OOS_2025,0.1,0.3,0.2,171,14.91,2.97,67.8,1.63,25.5,4.18
OOS_2025,0.1,0.3,0.3,171,14.76,2.42,67.8,1.62,25.24,4.23
OOS_2025,0.1,0.3,0.5,171,14.46,2.07,67.8,1.6,24.72,4.32
OOS_2025,0.1,0.3,0.75,171,14.08,2.96,67.8,1.58,24.07,4.43
OOS_2025,0.1,0.3,1.0,171,13.7,1.46,67.8,1.55,23.42,4.55
OOS_2025,0.15,0.05,0.05,171,15.4,4.12,70.2,1.67,26.33,4.02
OOS_2025,0.15,0.05,0.1,171,15.32,3.43,70.2,1.66,26.19,4.04
OOS_2025,0.15,0.05,0.2,171,15.16,3.86,70.2,1.65,25.92,4.09
OOS_2025,0.15,0.05,0.3,171,15.0,4.46,70.2,1.64,25.65,4.13
OOS_2025,0.15,0.05,0.5,171,14.68,2.99,70.2,1.62,25.1,4.22
OOS_2025,0.15,0.05,0.75,171,14.28,2.96,70.2,1.59,24.43,4.34
OOS_2025,0.15,0.05,1.0,171,13.89,2.33,70.2,1.56,23.75,4.45
OOS_2025,0.15,0.1,0.05,171,15.24,4.31,70.2,1.66,26.05,4.04
OOS_2025,0.15,0.1,0.1,171,15.16,4.0,70.2,1.65,25.92,4.07
OOS_2025,0.15,0.1,0.2,171,15.0,3.59,70.2,1.64,25.65,4.11
OOS_2025,0.15,0.1,0.3,171,14.84,3.58,70.2,1.63,25.38,4.16
OOS_2025,0.15,0.1,0.5,171,14.52,3.03,70.2,1.61,24.83,4.25
OOS_2025,0.15,0.1,0.75,171,14.13,3.08,70.2,1.58,24.15,4.36
OOS_2025,0.15,0.1,1.0,171,13.73,2.51,70.2,1.56,23.48,4.48
OOS_2025,0.15,0.15,0.05,171,15.08,3.66,69.0,1.65,25.78,4.07
OOS_2025,0.15,0.15,0.1,171,15.0,3.86,69.0,1.64,25.65,4.09
OOS_2025,0.15,0.15,0.2,171,14.84,4.33,69.0,1.63,25.37,4.14
OOS_2025,0.15,0.15,0.3,171,14.68,2.27,69.0,1.62,25.1,4.18
OOS_2025,0.15,0.15,0.5,171,14.36,2.23,69.0,1.6,24.56,4.28
OOS_2025,0.15,0.15,0.75,171,13.97,2.0,69.0,1.57,23.88,4.39
OOS_2025,0.15,0.15,1.0,171,13.57,0.83,69.0,1.55,23.2,4.5
OOS_2025,0.15,0.2,0.05,171,14.92,2.6,68.4,1.64,25.51,4.1
OOS_2025,0.15,0.2,0.1,171,14.84,3.68,68.4,1.63,25.37,4.12
OOS_2025,0.15,0.2,0.2,171,14.68,3.51,68.4,1.62,25.1,4.16
OOS_2025,0.15,0.2,0.3,171,14.52,2.83,68.4,1.61,24.83,4.21
OOS_2025,0.15,0.2,0.5,171,14.2,3.48,68.4,1.59,24.29,4.3
OOS_2025,0.15,0.2,0.75,171,13.81,2.18,68.4,1.56,23.61,4.42
OOS_2025,0.15,0.2,1.0,171,13.41,1.91,68.4,1.54,22.93,4.53
OOS_2025,0.15,0.3,0.05,171,14.6,3.6,67.8,1.62,24.96,4.16
OOS_2025,0.15,0.3,0.1,171,14.52,3.48,67.8,1.62,24.83,4.18
OOS_2025,0.15,0.3,0.2,171,14.36,3.32,67.8,1.6,24.56,4.23
OOS_2025,0.15,0.3,0.3,171,14.2,2.26,67.8,1.59,24.29,4.27
OOS_2025,0.15,0.3,0.5,171,13.88,1.71,67.8,1.57,23.74,4.36
OOS_2025,0.15,0.3,0.75,171,13.49,0.79,67.8,1.55,23.06,4.48
OOS_2025,0.15,0.3,1.0,171,13.09,1.41,67.8,1.52,22.39,4.59
OOS_2025,0.2,0.05,0.05,171,15.01,4.37,70.2,1.65,25.66,4.06
OOS_2025,0.2,0.05,0.1,171,14.93,3.05,70.2,1.64,25.53,4.08
OOS_2025,0.2,0.05,0.2,171,14.77,3.39,70.2,1.63,25.26,4.13
OOS_2025,0.2,0.05,0.3,171,14.61,3.2,70.2,1.62,24.99,4.17
OOS_2025,0.2,0.05,0.5,171,14.29,1.98,70.2,1.6,24.44,4.26
OOS_2025,0.2,0.05,0.75,171,13.9,2.07,70.2,1.57,23.76,4.38
OOS_2025,0.2,0.05,1.0,171,13.5,1.44,70.2,1.55,23.09,4.49
OOS_2025,0.2,0.1,0.05,171,14.85,3.58,69.0,1.64,25.39,4.08
OOS_2025,0.2,0.1,0.1,171,14.77,2.75,69.0,1.63,25.26,4.11
OOS_2025,0.2,0.1,0.2,171,14.61,3.27,69.0,1.62,24.98,4.15
OOS_2025,0.2,0.1,0.3,171,14.45,2.33,69.0,1.61,24.71,4.2
OOS_2025,0.2,0.1,0.5,171,14.13,2.55,69.0,1.59,24.17,4.29
OOS_2025,0.2,0.1,0.75,171,13.74,2.76,69.0,1.56,23.49,4.4
OOS_2025,0.2,0.1,1.0,171,13.34,2.07,69.0,1.54,22.81,4.52
OOS_2025,0.2,0.15,0.05,171,14.69,3.1,68.4,1.63,25.12,4.11
OOS_2025,0.2,0.15,0.1,171,14.61,3.47,68.4,1.62,24.98,4.13
OOS_2025,0.2,0.15,0.2,171,14.45,3.69,68.4,1.61,24.71,4.18
OOS_2025,0.2,0.15,0.3,171,14.29,2.91,68.4,1.6,24.44,4.22
OOS_2025,0.2,0.15,0.5,171,13.98,1.87,68.4,1.58,23.9,4.32
OOS_2025,0.2,0.15,0.75,171,13.58,1.14,68.4,1.56,23.22,4.43
OOS_2025,0.2,0.15,1.0,171,13.18,0.78,68.4,1.53,22.54,4.55
OOS_2025,0.2,0.2,0.05,171,14.53,3.95,67.8,1.62,24.85,4.14
OOS_2025,0.2,0.2,0.1,171,14.45,3.35,67.8,1.61,24.71,4.16
OOS_2025,0.2,0.2,0.2,171,14.29,2.42,67.8,1.6,24.44,4.21
OOS_2025,0.2,0.2,0.3,171,14.13,2.68,67.8,1.59,24.17,4.26
OOS_2025,0.2,0.2,0.5,171,13.82,2.44,67.8,1.57,23.63,4.35
OOS_2025,0.2,0.2,0.75,171,13.42,1.68,67.8,1.55,22.95,4.46
OOS_2025,0.2,0.2,1.0,171,13.02,0.31,67.8,1.52,22.27,4.58
OOS_2025,0.2,0.3,0.05,171,14.21,3.34,67.8,1.6,24.3,4.2
OOS_2025,0.2,0.3,0.1,171,14.13,2.85,67.8,1.6,24.17,4.23
OOS_2025,0.2,0.3,0.2,171,13.97,2.31,67.8,1.59,23.89,4.27
OOS_2025,0.2,0.3,0.3,171,13.81,2.54,67.8,1.58,23.62,4.32
OOS_2025,0.2,0.3,0.5,171,13.5,2.2,67.8,1.55,23.08,4.41
OOS_2025,0.2,0.3,0.75,171,13.1,1.03,67.8,1.53,22.4,4.52
OOS_2025,0.2,0.3,1.0,171,12.7,0.99,67.8,1.51,21.72,4.64
OOS_2025,0.3,0.05,0.05,171,14.23,3.33,67.8,1.61,24.34,4.14
OOS_2025,0.3,0.05,0.1,171,14.15,2.08,67.8,1.6,24.2,4.16
OOS_2025,0.3,0.05,0.2,171,14.0,2.49,67.8,1.59,23.93,4.21
OOS_2025,0.3,0.05,0.3,171,13.84,2.13,67.8,1.58,23.66,4.26
OOS_2025,0.3,0.05,0.5,171,13.52,3.2,67.8,1.56,23.12,4.35
OOS_2025,0.3,0.05,0.75,171,13.12,2.05,67.8,1.54,22.44,4.46
OOS_2025,0.3,0.05,1.0,171,12.73,1.17,67.8,1.51,21.76,4.58
OOS_2025,0.3,0.1,0.05,171,14.07,2.98,67.8,1.6,24.07,4.17
OOS_2025,0.3,0.1,0.1,171,13.99,1.87,67.8,1.6,23.93,4.19
OOS_2025,0.3,0.1,0.2,171,13.84,3.04,67.8,1.58,23.66,4.24
OOS_2025,0.3,0.1,0.3,171,13.68,1.8,67.8,1.57,23.39,4.29
OOS_2025,0.3,0.1,0.5,171,13.36,1.73,67.8,1.55,22.85,4.38
OOS_2025,0.3,0.1,0.75,171,12.96,-0.19,67.8,1.53,22.17,4.49
OOS_2025,0.3,0.1,1.0,171,12.57,0.03,67.8,1.5,21.49,4.61
OOS_2025,0.3,0.15,0.05,171,13.91,2.91,67.8,1.59,23.79,4.2
OOS_2025,0.3,0.15,0.1,171,13.84,1.92,67.8,1.59,23.66,4.23
OOS_2025,0.3,0.15,0.2,171,13.68,2.27,67.8,1.58,23.39,4.27
OOS_2025,0.3,0.15,0.3,171,13.52,1.86,67.8,1.57,23.12,4.32
OOS_2025,0.3,0.15,0.5,171,13.2,1.46,67.8,1.54,22.57,4.41
OOS_2025,0.3,0.15,0.75,171,12.8,0.57,67.8,1.52,21.89,4.52
OOS_2025,0.3,0.15,1.0,171,12.41,0.89,67.8,1.5,21.22,4.64
OOS_2025,0.3,0.2,0.05,171,13.76,2.34,67.8,1.58,23.52,4.23
OOS_2025,0.3,0.2,0.1,171,13.68,2.34,67.8,1.58,23.39,4.26
OOS_2025,0.3,0.2,0.2,171,13.52,2.93,67.8,1.57,23.11,4.3
OOS_2025,0.3,0.2,0.3,171,13.36,2.02,67.8,1.56,22.84,4.35
OOS_2025,0.3,0.2,0.5,171,13.04,1.39,67.8,1.54,22.3,4.44
OOS_2025,0.3,0.2,0.75,171,12.64,0.75,67.8,1.51,21.62,4.55
OOS_2025,0.3,0.2,1.0,171,12.25,0.93,67.8,1.49,20.94,4.67
OOS_2025,0.3,0.3,0.05,171,13.44,2.21,67.8,1.56,22.98,4.3
OOS_2025,0.3,0.3,0.1,171,13.36,2.28,67.8,1.56,22.84,4.32
OOS_2025,0.3,0.3,0.2,171,13.2,1.01,67.8,1.55,22.57,4.36
OOS_2025,0.3,0.3,0.3,171,13.04,1.81,67.8,1.54,22.3,4.41
OOS_2025,0.3,0.3,0.5,171,12.72,0.81,67.8,1.52,21.75,4.5
OOS_2025,0.3,0.3,0.75,171,12.33,0.61,67.8,1.49,21.08,4.62
OOS_2025,0.3,0.3,1.0,171,11.93,-0.4,67.8,1.47,20.4,4.73
