symbol,date,vp,gp,pp,entry_price,exit_price,exit_reason,funding_ret,funding_events,net_ret_usdt
0GUSDT,2025-10-01,31,33,25,2.7301,2.5471,TIME_EXIT,-0.02181372164206439,34,44.41679006080374
0GUSDT,2025-10-06,39,47,10,3.0536,2.89457,TP,-0.010317316066937386,29,40.96219663937647
0GUSDT,2025-10-21,50,50,17,2.1122,1.95479,TP,-0.01611101775400057,9,57.61317503077363
0GUSDT,2025-11-08,48,50,21,1.2844,1.4513719999999999,SL,-0.009301472080348802,3,-140.10147208034874
0GUSDT,2025-12-25,50,50,9,0.8526,0.9634379999999999,SL,-0.001788958207834858,1,-132.58895820783474
0GUSDT,2026-02-12,40,50,14,0.6189,0.6993569999999999,SL,0.0,0,-130.7999999999998
0GUSDT,2026-02-20,47,37,6,0.649,0.6787,TIME_EXIT,-0.014756105559322037,9,-61.31881742372874
0GUSDT,2026-04-08,50,50,4,0.5476,0.53005,TP,-0.0023542745891161434,5,28.89466624360839
AERGOUSDT,2025-06-10,41,50,5,0.12158,0.11751199999999999,TP,-0.0014884893025168613,5,31.17096126501071
AERGOUSDT,2025-06-12,38,47,5,0.11959,0.115702,TP,-0.003938267427042395,4,27.772812094656764
AERGOUSDT,2025-07-19,32,50,5,0.13548,0.14262,TIME_EXIT,-0.0019472836876291706,8,-55.44878944493659
AERGOUSDT,2025-09-08,50,50,6,0.11124,0.1111,TIME_EXIT,0.0008218119183746853,9,1.2803520118662461
AERGOUSDT,2026-01-01,36,50,6,0.06072,0.0686136,SL,-0.005671564772727272,1,-136.47156477272716
AERGOUSDT,2026-01-04,33,47,6,0.06666,0.064032,TP,-0.0020126982193219324,6,36.61124417491736
AERGOUSDT,2026-01-21,50,50,13,0.06676,0.0625,TIME_EXIT,-0.02101235711803475,9,41.99830795086879
AEROUSDT,2026-01-14,41,50,5,0.613,0.59221,TP,0.00010382799184339314,6,33.218999280587234
AGLDUSDT,2025-08-29,44,50,3,0.759,0.71445,TP,0.0,0,57.895652173913014
AGLDUSDT,2026-02-21,50,50,6,0.2346,0.265098,SL,-0.0002696392327365729,1,-131.06963923273653
AKTUSDT,2025-06-03,50,50,9,1.367,1.335,TIME_EXIT,0.0004512070226773958,9,23.060131675201195
AKTUSDT,2025-07-13,50,50,22,1.354,1.3116999999999999,TP,-0.00037470403988183157,6,30.06606405465305
AKTUSDT,2025-08-14,49,50,5,1.435,1.3576,TP,0.00018757477351916376,3,53.32485700348441
AKTUSDT,2026-01-27,50,50,25,0.4796,0.44612,TP,-0.009631320836113427,6,59.37685264178484
AKTUSDT,2026-02-20,50,50,18,0.3535,0.3218,TIME_EXIT,-0.005930948036775106,9,82.9437337171146
ALTUSDT,2026-02-12,48,50,3,0.00879,0.008502,TP,0.00011412617747440274,3,32.078631296928336
ANIMEUSDT,2025-12-20,50,50,16,0.005994,0.00677322,SL,-0.0025863774007340674,1,-133.386377400734
ANIMEUSDT,2026-03-13,50,50,5,0.004768,0.0046159,TP,-0.001458122411912752,6,29.64204537332207
ANIMEUSDT,2026-03-17,50,50,26,0.006432,0.005135,TIME_EXIT,-0.060471573866604476,35,140.37643608364434
ANIMEUSDT,2026-03-21,50,47,10,0.005144,0.005079,TIME_EXIT,-0.013820500746500777,9,-1.984419875583213
ANKRUSDT,2026-03-06,50,50,23,0.004785,0.004346,TIME_EXIT,-0.01629964601044932,4,74.64539056217349
ANKRUSDT,2026-03-18,50,50,28,0.005691,0.004818899999999999,TP,-0.043147679616939036,17,109.29428137409957
ANKRUSDT,2026-03-21,50,50,19,0.006017,0.005511,TIME_EXIT,-0.02396208916569719,9,59.33297481967751
ANKRUSDT,2026-04-04,42,43,5,0.005201,0.005178,TIME_EXIT,-0.0035867786329552005,9,0.035447861949545675
ANKRUSDT,2026-05-06,50,50,8,0.005274,0.0049941000000000004,TP,0.0,0,52.27167235494873
API3USDT,2025-10-13,45,50,13,0.7532,0.72917,TP,0.0,0,31.103876792352626
API3USDT,2025-12-21,50,50,21,0.4649,0.4163,TP,-0.007722799711765972,3,96.01581074209503
API3USDT,2025-12-26,50,50,17,0.4668,0.4642,TIME_EXIT,-0.001386990792630677,9,3.3828463967437687
API3USDT,2026-01-02,50,50,12,0.4651,0.4647,TIME_EXIT,-0.0005515586906041711,8,-0.4915285895506097
API3USDT,2026-02-07,50,50,46,0.369,0.31932000000000005,TP,-0.033224135457994575,7,100.61001088346872
API3USDT,2026-02-26,50,50,16,0.3128,0.29903,TP,-0.000628039044117647,1,42.59370008631715
API3USDT,2026-04-25,50,50,33,0.4882,0.37021,TP,-0.015208573455551003,3,225.67516271814836
API3USDT,2026-05-01,38,40,9,0.3814,0.37105,TP,-0.003442112692711065,1,22.894751491872118
ARKUSDT,2025-07-20,50,50,14,0.538,0.5034,TIME_EXIT,-0.009900820929368028,9,53.61144672862467
ARKUSDT,2025-09-14,50,50,9,0.4996,0.47665,TP,-0.0018325028522818256,2,43.304246547237724
ARKUSDT,2025-12-28,50,50,7,0.2782,0.26272,TP,-0.0014969810675772824,3,53.346440930984876
ATHUSDT,2026-02-14,50,50,18,0.006568,0.0061279,TP,-0.012677294651339831,9,53.529404496041366
AUCTIONUSDT,2025-12-31,50,50,8,5.837,5.179,TIME_EXIT,-0.010585607671749186,9,101.34353401062182
AVNTUSDT,2026-01-16,49,26,9,0.3014,0.29276,TP,0.0,0,27.86622428666218
AVNTUSDT,2026-01-25,50,50,15,0.3264,0.29229,TP,-0.03057727658088235,5,73.12639988970598
AVNTUSDT,2026-04-22,33,50,4,0.1436,0.1427,TIME_EXIT,-0.002576376323119777,9,2.891033147632394
AWEUSDT,2025-06-20,50,50,3,0.052964,0.0515717,TP,-0.0030667043259572538,6,22.420962768673046
AWEUSDT,2025-09-25,36,50,20,0.10963,0.10534600000000001,TP,0.0,0,38.27689501048979
AWEUSDT,2025-12-23,50,50,4,0.0574,0.055753000000000004,TP,-0.0021318217247386756,2,25.76155806620202
AXLUSDT,2026-02-03,39,50,13,0.0697,0.06268,TP,-0.014117082482065998,4,85.8002776327116
AXLUSDT,2026-03-25,50,50,8,0.0523,0.050455,TP,-0.0014403971606118547,2,33.03684949330783
AXLUSDT,2026-04-21,43,47,12,0.06001,0.054717999999999996,TP,-0.0028761953041159805,4,84.50910714547584
AXLUSDT,2026-04-23,35,50,14,0.05917,0.05914,TIME_EXIT,-0.009348368766266688,8,-9.641355076897039
AXSUSDT,2025-08-31,50,50,22,2.686,2.381,TIME_EXIT,-0.0022147506999255395,4,110.53699911392411
AXSUSDT,2026-02-14,40,49,11,1.49,1.4045,TP,-0.023110392181208056,9,33.472158154362354
AXSUSDT,2026-02-20,47,50,6,1.329,1.2606,TP,-0.020887253340857788,3,29.780015282167053
AZTECUSDT,2026-03-07,48,50,12,0.02143,0.02053,TP,-0.0022937995986934195,7,38.90340058796087
AZTECUSDT,2026-05-13,50,50,12,0.02613,0.023664,TP,0.00014793340987370837,3,93.72221584385763
BARDUSDT,2026-04-04,40,49,14,0.3112,0.29878,TP,-0.046088291613110545,31,-6.978265906169713
BERAUSDT,2026-01-14,50,50,29,0.7066,0.7984579999999999,SL,-0.004968129667421455,2,-135.7681296674213
BIGTIMEUSDT,2025-06-24,50,50,13,0.05347,0.051715000000000004,TP,0.00010333908172807183,3,32.125482339629556
BIGTIMEUSDT,2025-07-13,36,50,4,0.06076,0.06132,TIME_EXIT,0.00044986010533245555,9,-9.566729756418663
BIGTIMEUSDT,2025-07-27,50,50,12,0.07323,0.067578,TP,0.00037879967226546495,8,76.76028267103652
BIGTIMEUSDT,2025-08-29,50,50,23,0.06206,0.057407,TP,-0.0025812135787947146,2,71.59461626329356
BIGTIMEUSDT,2025-12-29,50,50,13,0.02176,0.0205,TP,-0.0013651560477941178,2,55.73925571691179
BLURUSDT,2026-04-01,50,50,22,0.01996,0.022554799999999996,SL,0.0,0,-130.7999999999999
BSVUSDT,2025-06-17,50,50,9,33.08,31.208,TP,-0.0009572114570737606,5,54.83287318621524
BSVUSDT,2025-07-05,44,50,6,24.65,23.651,TP,-0.0005089343691683571,4,39.21844899797155
BSVUSDT,2025-08-24,50,50,6,27.77,26.83,TIME_EXIT,-0.0057710439683111275,8,27.278433885487978
BSVUSDT,2026-01-05,50,50,14,20.14,20.7,TIME_EXIT,-0.0035976897070506457,9,-32.20305216981126
BSVUSDT,2026-03-29,50,50,6,13.88,13.511000000000001,TP,8.40871037463977e-06,2,25.793423119596522
CARVUSDT,2026-02-21,50,50,10,0.06693,0.062052,TP,0.00024971612132078293,5,72.33183176453012
CARVUSDT,2026-03-18,50,50,9,0.06324,0.060936,TP,4.9122390891840606e-05,1,35.68175996204945
CARVUSDT,2026-04-05,50,50,7,0.05833,0.05635,TP,0.0004462883593348192,9,33.59108520486889
CARVUSDT,2026-04-17,36,50,4,0.05879,0.0664327,SL,-0.00522634581901684,6,-136.02634581901677
CARVUSDT,2026-04-22,50,50,5,0.0588,0.056406000000000005,TP,-0.0005157301207482993,6,39.3985555935373
CFGUSDT,2026-03-28,44,50,13,0.1636,0.1622,TIME_EXIT,-0.036018663306845965,9,-28.261206094132124
CKBUSDT,2025-07-26,50,50,25,0.006213,0.007020689999999999,SL,0.0,0,-130.79999999999984
CKBUSDT,2025-08-27,50,50,16,0.005735,0.004952000000000001,TP,-0.0015702115257192678,2,134.1598669398429
CKBUSDT,2026-02-12,50,50,11,0.001671,0.0016215000000000001,TP,0.00020113704368641532,2,29.024117295032827
CKBUSDT,2026-02-18,50,50,7,0.001688,0.0016322,TP,6.917253554502369e-05,1,32.32604457345968
CYBERUSDT,2025-11-20,50,50,23,0.95,0.8411,TP,-0.010748659610526316,4,103.08291933684211
CYBERUSDT,2025-11-27,50,50,20,0.84,0.8207,TIME_EXIT,-0.010375480914285714,9,11.800709561904746
CYBERUSDT,2025-11-29,44,50,27,0.8375,0.8653,TIME_EXIT,-0.01660321157850746,9,-50.59724142925365
CYBERUSDT,2025-12-11,50,50,9,0.8649,0.8415,TP,-0.0021018871684587814,1,24.15326371603651
CYBERUSDT,2025-12-31,50,50,37,0.8561,0.73451,TP,-0.0386555597406845,6,102.5722407499124
CYBERUSDT,2026-02-03,50,50,47,0.6622,0.58975,TP,-0.014219712447900937,4,94.38832137873757
CYBERUSDT,2026-02-18,50,50,30,0.711,0.57717,TP,-0.038946501488045,8,148.4813466132208
CYBERUSDT,2026-02-22,50,50,16,0.6337,0.58438,TP,-0.012969444528956918,5,64.05918100362953
CYBERUSDT,2026-04-25,50,50,3,0.5669,0.54098,TP,-0.0024080386928911623,6,42.51431092785314
DEEPUSDT,2025-07-14,50,50,5,0.18421,0.18883,TIME_EXIT,-0.001000353562781608,8,-26.88042522012912
DEEPUSDT,2025-11-07,50,50,10,0.06238,0.059725,TP,2.6200734209682587e-05,1,41.78791923372872
DEEPUSDT,2026-02-13,50,47,5,0.02695,0.030453499999999998,SL,-0.0017547546011131726,2,-132.55475460111302
DEEPUSDT,2026-05-09,50,50,33,0.0376,0.03633,TIME_EXIT,-0.003347835625,8,29.628760119680855
DOODUSDT,2025-12-07,50,50,17,0.005586,0.0049038,TP,-0.014327609915861081,10,106.99913551915503
DOODUSDT,2026-01-02,50,50,11,0.005912,0.005797,TIME_EXIT,-0.0026641866779431663,8,15.987775433017534
DOODUSDT,2026-03-13,50,50,7,0.002997,0.00338661,SL,-0.00016798126126126123,3,-130.96798126126123
DOODUSDT,2026-04-15,35,35,4,0.003084,0.003175,TIME_EXIT,2.6958550583657573e-05,8,-30.280175042153022
EDGEUSDT,2026-04-03,50,50,14,0.8116,0.9171079999999999,SL,9.987201330704781e-05,1,-130.70012798669288
EGLDUSDT,2025-12-05,47,50,17,7.427,8.392509999999998,SL,-0.0021145759929985185,1,-132.9145759929983
EGLDUSDT,2026-01-10,50,50,15,6.506,6.2783,TP,-0.0020213690747002766,3,32.17709388257
EGLDUSDT,2026-02-01,50,50,13,4.887,4.7475000000000005,TP,7.068653570697771e-05,1,27.815806241047493
ELSAUSDT,2026-03-30,50,50,9,0.06312,0.06549,TIME_EXIT,-0.002202656698352345,9,-40.55018521546279
ENSUSDT,2026-05-30,50,50,15,6.039,5.8779,TP,-0.00040732163768835897,4,25.469280448749686
ENSOUSDT,2026-03-18,31,50,6,1.2391,1.16062,TP,-0.009098876084254701,5,53.43741638608677
ENSOUSDT,2026-04-24,50,50,6,0.8205,0.78423,TP,-0.0011989673443022547,5,42.20578585496651
FUSDT,2025-12-19,50,50,33,0.007084,0.006958,TIME_EXIT,-0.03810931964426877,8,-21.1227583794466
FUSDT,2026-02-08,50,50,38,0.006436,0.005977,TIME_EXIT,-0.060516562692666254,9,10.001025871659449
FUSDT,2026-03-13,50,50,15,0.005889,0.005546,TIME_EXIT,-0.004915142292409577,9,52.52904177958913
FUSDT,2026-03-17,50,50,8,0.006219,0.0057483,TP,-0.00916453879884226,6,65.7228707525326
FLOCKUSDT,2026-02-22,50,50,7,0.05888,0.0665344,SL,-0.0009789881827445652,2,-131.77898818274443
FLOCKUSDT,2026-03-17,50,50,11,0.06351,0.059208,TP,-0.001249877422453157,2,65.68748677216188
FLOCKUSDT,2026-03-21,50,50,7,0.06157,0.059077,TP,-0.0019961234789670295,6,37.69437514049053
FLOCKUSDT,2026-04-06,50,50,6,0.0532,0.051067,TP,-4.656711090225563e-05,6,39.24741785150368
FLOCKUSDT,2026-05-02,50,50,5,0.05945,0.06112,TIME_EXIT,0.0004007653490328007,8,-28.49006728343142
FLUIDUSDT,2025-10-27,50,50,4,4.932,4.7475000000000005,TP,-9.434737226277373e-05,1,36.514411751824795
FLUIDUSDT,2025-11-10,50,50,29,4.092,4.088,TIME_EXIT,-0.0006070488978494624,9,-0.4295317913002054
FLUIDUSDT,2025-11-17,50,23,7,3.609,3.4812000000000003,TP,-3.569538930451647e-05,3,34.57577593239116
FLUIDUSDT,2025-11-22,50,50,158,4.12,3.289,TIME_EXIT,-0.010405370949029125,8,190.49365817718444
FLUIDUSDT,2026-01-03,50,50,15,3.206,3.037,TIME_EXIT,-0.0030700423705552087,8,48.843619513412364
FLUIDUSDT,2026-01-25,50,50,72,3.798,2.7324,TP,-0.014260198888888888,5,265.5085214902579
FLUIDUSDT,2026-01-31,50,50,11,2.914,2.8348,TP,1.3200892244337671e-05,2,26.39233610157864
GUSDT,2026-01-25,50,50,32,0.006086,0.0047162,TP,-0.028681621368715084,5,195.5923188218863
GUSDT,2026-02-04,50,50,32,0.004548,0.0038046,TP,-0.05148233746042216,8,111.17412691952508
GUSDT,2026-03-16,50,50,24,0.004623,0.0052239899999999995,SL,-0.021829396011248104,2,-152.62939601124793
GUSDT,2026-03-31,50,50,17,0.004198,0.003837,TIME_EXIT,-0.028780305159599808,8,56.41302499761795
GASUSDT,2025-07-20,50,50,7,3.563,3.555,TIME_EXIT,-0.0004303975666573111,9,1.0149013387594745
GASUSDT,2025-08-05,50,50,10,3.311,3.216,TIME_EXIT,-0.025113180081546362,8,2.779057913017139
GASUSDT,2025-08-16,50,50,4,3.411,3.385,TIME_EXIT,-0.0024078563500439755,8,4.4145417736734816
GASUSDT,2026-01-27,50,50,16,2.073,1.8993,TP,-0.015676444375301496,3,67.31516199228172
GASUSDT,2026-03-30,38,50,4,1.567,1.554,TIME_EXIT,-0.0030682349266113597,9,4.427872284620229
GLMUSDT,2025-07-27,47,50,8,0.28258,0.31931539999999997,SL,0.0,0,-130.79999999999993
GLMUSDT,2025-08-10,50,50,12,0.26942,0.262067,TP,-0.0001459152720659194,1,26.34604523569148
HIVEUSDT,2025-07-08,50,50,4,0.21785,0.21666,TIME_EXIT,-0.0032702589290796425,8,1.392215250401636
HIVEUSDT,2025-12-28,50,50,17,0.11149,0.096595,TP,-0.009537911841420756,4,123.26151411606429
HIVEUSDT,2026-05-23,50,50,11,0.06095,0.059267,TP,-0.004333313616078753,1,22.47948375881866
HIVEUSDT,2026-05-25,43,46,10,0.0645,0.06184,TIME_EXIT,-0.010315705544186045,8,30.12460453333337
HOLOUSDT,2025-11-22,50,50,27,0.1007,0.09143,TP,0.0,0,91.25561072492553
HOLOUSDT,2026-01-02,50,50,19,0.07393,0.08354089999999999,SL,0.0,0,-130.7999999999999
HOLOUSDT,2026-02-25,50,50,17,0.0656,0.05821,TIME_EXIT,-0.023013672998475607,8,88.83876602591475
HOLOUSDT,2026-03-05,42,50,7,0.0633,0.06303,TIME_EXIT,-0.007270550074249606,8,-3.8051472306478296
HYPERUSDT,2026-01-11,50,50,26,0.1586,0.1383,TIME_EXIT,-0.029293507597730143,8,97.9014482660781
ICXUSDT,2026-02-09,50,50,29,0.0433,0.040150000000000005,TP,-0.014306315889145497,2,57.641952009237734
ICXUSDT,2026-03-11,50,50,16,0.0424,0.0368,TIME_EXIT,-0.03250233174528302,30,98.7731399528302
IDUSDT,2026-02-27,50,50,13,0.04621,0.044824,TP,-0.0014804629993507897,1,27.713044899372395
IDUSDT,2026-05-29,50,45,8,0.02879,0.0325327,SL,0.0,0,-130.79999999999995
IMXUSDT,2026-03-02,50,50,24,0.1676,0.16111999999999999,TP,-0.001649494468973747,6,36.21399001789984
IMXUSDT,2026-03-22,50,50,26,0.165,0.15645,TP,-0.003361401618181818,4,47.65678020000001
IMXUSDT,2026-04-13,50,50,9,0.1427,0.1482,TIME_EXIT,-0.0008135894954449895,9,-40.15598613174495
INUSDT,2026-01-30,40,36,11,0.06481,0.059896,TP,-0.01825786644962197,7,56.763766014504064
INUSDT,2026-02-07,50,50,15,0.05568,0.05629,TIME_EXIT,-0.04632171531429598,9,-58.07717508441091
INUSDT,2026-04-09,50,50,20,0.0657,0.0595,TIME_EXIT,-0.008612920922374432,9,84.95542002130894
INUSDT,2026-04-14,50,50,13,0.06133,0.0693029,SL,-0.00019702371759334748,3,-130.9970237175933
INUSDT,2026-04-19,43,21,6,0.06473,0.062777,TP,0.00018913301405839642,4,29.560614552757556
IOSTUSDT,2026-04-15,50,50,11,0.001208,0.0010973,TP,-0.003462672259933774,1,87.37640058774836
KAITOUSDT,2025-09-09,50,50,10,1.4209,1.2967,TIME_EXIT,-0.03467460711168977,8,51.9347813041031
KAITOUSDT,2025-09-17,50,43,5,1.173,1.1200800000000002,TP,-0.006345556150895141,2,37.96953336317123
KAITOUSDT,2025-12-27,50,50,30,0.6157,0.5339,TIME_EXIT,-0.03009961399870066,8,101.9572968344973
KAITOUSDT,2026-01-03,50,50,11,0.565,0.5535,TIME_EXIT,-0.009132539653097346,8,10.421442647787535
KAVAUSDT,2026-03-07,46,50,12,0.0617,0.0641,TIME_EXIT,-0.04187454638573744,9,-81.57243941653171
KAVAUSDT,2026-05-02,50,50,20,0.0608,0.0622,TIME_EXIT,-0.009520566085526316,8,-33.34688187499997
KNCUSDT,2025-07-20,47,47,7,0.4572,0.516636,SL,0.0,0,-130.79999999999998
KNCUSDT,2025-07-28,50,50,20,0.5638,0.45516999999999996,TP,-0.021031736197233065,4,170.8429711457964
KNCUSDT,2026-03-02,50,50,24,0.1602,0.1414,TIME_EXIT,-0.020574836423220975,4,95.97847194132342
KNCUSDT,2026-05-10,50,50,3,0.1599,0.15414,TP,-0.00030743272670419016,3,34.915081344590284
LAUSDT,2025-09-24,48,50,18,0.4693,0.39253,TP,-0.006722388011932664,5,156.06167335606222
LAUSDT,2026-01-01,50,50,24,0.3167,0.3162,TIME_EXIT,-0.02907885479317967,33,-28.300073612251346
LAUSDT,2026-02-18,42,42,11,0.2115,0.20574,TP,-0.010975998425531914,3,15.458044127659518
LAUSDT,2026-02-23,50,50,19,0.2337,0.21471,TP,-0.03735116011125375,5,43.10686299529302
LAYERUSDT,2025-12-25,50,50,15,0.1836,0.1764,TIME_EXIT,-0.043290114340958606,34,-4.8744280664487425
LPTUSDT,2025-06-29,32,50,17,6.399,6.28,TIME_EXIT,-0.0348485439052977,35,-17.05188817784032
LPTUSDT,2025-08-17,50,50,9,7.181,6.8417,TP,-0.00012619536972566494,3,46.323491303439596
LPTUSDT,2026-01-24,50,50,26,3.31,3.7402999999999995,SL,-0.03091599519033232,5,-161.71599519033214
LPTUSDT,2026-02-13,50,50,36,2.582,2.49,TIME_EXIT,-0.016079444806351664,8,18.751848764523487
LPTUSDT,2026-02-24,50,50,18,2.265,2.2038,TP,0.0,0,26.219867549668837
LSKUSDT,2025-11-11,50,50,24,0.2357,0.266341,SL,-0.0017355276368264745,1,-132.53552763682646
LSKUSDT,2026-02-16,45,50,7,0.1494,0.14418,TP,-0.001093260281124498,1,33.046498755020096
LSKUSDT,2026-03-03,50,50,7,0.1339,0.12805,TP,-0.0010416241598207618,6,41.84769622852871
MANAUSDT,2025-08-31,50,50,8,0.2993,0.28642999999999996,TP,-9.414390243902436e-06,3,42.190919722686424
MANTRAUSDT,2026-05-09,34,50,5,0.01123,0.010905999999999999,TP,0.0,0,28.051291184327816
MASKUSDT,2025-12-28,50,50,20,0.6488,0.6076699999999999,TP,-0.0032929714704069044,5,59.3009866060421
MASKUSDT,2026-01-14,50,50,15,0.7205,0.69836,TP,8.096405274115197e-05,4,30.009624705065995
MASKUSDT,2026-02-15,50,50,20,0.5068,0.48996999999999996,TP,-0.0015816834333070243,2,30.826682786109046
MEUSDT,2025-07-13,50,50,5,0.8367,0.854,TIME_EXIT,-0.0007723026222062866,9,-22.248769695231243
MEUSDT,2025-09-22,50,50,27,0.8574,0.74292,TP,0.0,0,132.71994401679498
MEUSDT,2025-10-27,50,50,5,0.478,0.54014,SL,0.0,0,-130.79999999999995
MEUSDT,2026-03-16,50,50,4,0.121,0.13673,SL,-0.002482512347107438,2,-133.2825123471074
MEWUSDT,2025-12-07,50,50,3,0.001159,0.0011158000000000001,TP,0.0,0,36.47351164797236
MINAUSDT,2026-02-10,50,50,16,0.0661,0.06331,TP,-0.009973717140695915,3,31.435057443267787
MINAUSDT,2026-04-01,50,50,23,0.05965,0.05646,TIME_EXIT,-0.016127745948030174,4,36.550879366303406
MINAUSDT,2026-04-10,50,50,17,0.06017,0.056318,TP,-0.008275077402359981,3,54.943536524846294
MINAUSDT,2026-05-04,50,50,12,0.06172,0.06282,TIME_EXIT,-0.002826460813350616,4,-21.448884662994228
MIRAUSDT,2025-12-21,50,50,10,0.1362,0.12999,TP,-0.0035270695741556534,2,41.26764408223196
MOCAUSDT,2025-06-24,44,50,6,0.08025,0.070683,TP,0.0002815638629283489,6,118.69651713395648
MOCAUSDT,2025-07-13,50,50,51,0.09514,0.08288,TIME_EXIT,-0.0008541446142526801,9,127.20858399621618
MOCAUSDT,2026-01-15,50,50,8,0.02434,0.023566,TP,-0.004851650431388661,3,26.147856552999194
MOCAUSDT,2026-04-18,46,50,5,0.01435,0.013828,TP,0.00029902439024390246,6,35.87533101045295
MOODENGUSDT,2026-04-06,50,50,11,0.04759,0.045987999999999994,TP,-0.0028767214919100653,5,29.985812653919016
MOVEUSDT,2025-12-27,35,37,10,0.03647,0.035237,TP,-0.0006569226103646833,1,32.3516872059228
MOVEUSDT,2026-01-15,50,50,17,0.04123,0.037809999999999996,TP,-0.02891928438273102,4,53.23002437302951
MTLUSDT,2026-01-13,50,50,15,0.43,0.4012,TIME_EXIT,-0.01490494446744186,4,51.27179971860463
MTLUSDT,2026-05-23,50,50,23,0.324,0.3061,TIME_EXIT,-0.03380768962962963,4,20.639223950617367
NEWTUSDT,2025-07-29,47,47,14,0.4125,0.38613,TP,-0.005640571132121212,2,57.48670159515153
NEWTUSDT,2025-09-04,49,50,3,0.2812,0.26338,TP,-0.01118965818278805,2,51.38160782005691
NEWTUSDT,2026-02-25,47,50,6,0.06866,0.06721,TIME_EXIT,-0.000780937130789397,8,19.53761806874444
ONGUSDT,2025-08-25,46,50,5,0.20629,0.191719,TP,-0.02952218408017839,5,40.31139001454264
ONGUSDT,2026-01-27,50,50,33,0.09385,0.08251,TP,-0.03522663228556206,6,84.80448119339376
ONGUSDT,2026-03-30,30,38,13,0.06072,0.06032,TIME_EXIT,-0.037361807814558626,9,-31.574192531291096
ONGUSDT,2026-05-05,50,50,5,0.07576,0.073627,TP,-0.0003089232180570222,6,27.04577583157334
ONGUSDT,2026-05-19,50,50,3,0.06728,0.06724,TIME_EXIT,-0.0009025937232461355,9,-1.1080634021995803
ONTUSDT,2025-08-25,50,50,14,0.1931,0.21820299999999998,SL,-0.011609999875712066,1,-142.40999987571197
ONTUSDT,2026-01-06,48,50,5,0.0676,0.0657,TIME_EXIT,-0.009385938239644972,8,17.92057063609466
ONTUSDT,2026-01-27,50,50,13,0.0621,0.058499999999999996,TP,-0.011034745152979065,2,46.13626933977465
ONTUSDT,2026-02-24,45,30,3,0.0416,0.040069999999999995,TP,0.0,0,35.978846153846234
ONTUSDT,2026-05-19,50,50,7,0.0648,0.058769999999999996,TP,-0.027203305817901237,6,65.05224973765434
OPENUSDT,2025-10-03,50,50,16,0.4863,0.549519,SL,0.0,0,-130.79999999999993
OPENUSDT,2025-11-08,50,50,14,0.301,0.29011,TP,-0.006154956285714287,3,29.224445707641227
OPENUSDT,2025-11-24,50,50,22,0.2584,0.2396,TIME_EXIT,-0.010383622082043343,8,61.571795874613045
OPENUSDT,2025-12-30,50,50,19,0.1723,0.16258,TP,-0.0007013113639001741,6,54.91192136970403
ORCAUSDT,2025-08-28,50,50,4,2.347,2.2822,TP,0.0002907035193864508,6,27.10041804857263
ORCAUSDT,2026-01-05,50,50,14,1.239,1.213,TIME_EXIT,-0.026995434761904757,9,-6.810769709443075
ORCAUSDT,2026-02-17,50,50,34,1.021,1.1537299999999997,SL,-0.03685650885406465,5,-167.65650885406447
ORCAUSDT,2026-05-07,42,35,12,1.667,1.559,TIME_EXIT,-0.0199147599940012,9,44.07228259748056
ORDERUSDT,2025-11-22,48,50,22,0.10994,0.106709,TP,0.0,0,28.588757504093124
ORDERUSDT,2026-03-22,50,50,16,0.05939,0.05989,TIME_EXIT,-0.03389114887018017,30,-43.1100746152551
ORDERUSDT,2026-04-06,50,50,19,0.05749,0.05128,TIME_EXIT,-0.032749671194990435,9,74.46911468081406
ORDERUSDT,2026-04-08,33,35,16,0.06477,0.06026,TIME_EXIT,-0.034496024607071185,9,34.33497740003077
ORDERUSDT,2026-04-14,50,50,13,0.06068,0.06285,TIME_EXIT,-0.005314782732366513,8,-41.87615385959139
ORDERUSDT,2026-05-05,50,50,10,0.05972,0.057596,TP,-0.00027934831547220365,1,34.48662623241797
PLUMEUSDT,2026-01-25,32,50,7,0.01608,0.015567,TP,-0.0007971649502487563,3,30.30582012437819
PLUMEUSDT,2026-04-13,50,50,5,0.01051,0.010185999999999999,TP,-0.000807149457659372,1,29.22063360608957
POLYXUSDT,2025-07-28,50,50,11,0.16775,0.162386,TP,-0.00010487923397913558,2,31.071275758569346
POLYXUSDT,2025-12-22,50,50,16,0.05532,0.0625116,SL,-0.002676668438177874,1,-133.47666843817785
POLYXUSDT,2026-04-04,50,50,25,0.05473,0.04836,TIME_EXIT,-0.07232798031061576,9,43.261568382970964
POLYXUSDT,2026-05-15,50,50,10,0.06207,0.05523,TP,-0.013601212917673595,3,95.79695044627033
POWRUSDT,2025-07-14,40,40,12,0.1857,0.17931,TP,0.00014827679052234786,3,33.758616047388294
POWRUSDT,2026-04-26,50,50,3,0.06699,0.064713,TP,-0.0003307446409911928,7,32.85940314225985
PRLUSDT,2026-05-05,50,50,19,0.2999,0.26911999999999997,TP,-0.004165972694231411,5,97.66823870956996
PRLUSDT,2026-05-27,50,36,13,0.1694,0.16058,TP,-0.005751456623376622,1,45.514659079102685
PROVEUSDT,2025-08-22,32,32,5,1.1203,1.1139,TIME_EXIT,-0.0019275725850218693,9,2.9851829268947445
PROVEUSDT,2025-09-10,34,50,6,0.9306,0.9317,TIME_EXIT,-0.00545482738878143,9,-7.4368604857081335
PROVEUSDT,2025-09-28,50,50,8,0.7536,0.72966,TP,-0.004011227473460721,2,26.956288450106257
PUNDIXUSDT,2025-06-07,50,50,9,0.3231,0.3212,TIME_EXIT,-0.004085947016403591,8,0.9945853265243345
PUNDIXUSDT,2025-07-10,47,47,4,0.3136,0.3254,TIME_EXIT,5.84494642857143e-05,9,-38.36910155612255
PUNDIXUSDT,2025-07-15,50,50,21,0.3483,0.3429,TIME_EXIT,-0.005970360307206431,9,8.73351566178586
PUNDIXUSDT,2025-07-20,49,50,6,0.3558,0.3643,TIME_EXIT,-0.0006895336424957842,9,-25.379359387296255
PUNDIXUSDT,2025-10-11,50,50,23,0.2684,0.2928,TIME_EXIT,-0.0015894281929955288,8,-93.29851910208633
PYTHUSDT,2025-07-13,48,50,5,0.12007,0.12249,TIME_EXIT,0.00039124778046139755,9,-20.56366185558429
QTUMUSDT,2025-08-23,31,50,15,2.668,2.865,TIME_EXIT,-0.0012577521814092951,4,-75.89583314092954
QTUMUSDT,2025-10-08,50,50,11,2.256,2.259,TIME_EXIT,-0.007772693209219858,4,-9.902480443262462
QTUMUSDT,2026-01-06,50,50,14,1.517,1.454,TP,-0.002469637547791694,2,38.25969666446931
REDUSDT,2025-11-10,50,50,23,0.3459,0.33348,TP,-0.0015595455969933507,3,33.54678571263367
REDUSDT,2025-12-04,50,50,20,0.3206,0.27812,TP,-0.01582764768870867,3,115.87391188708676
REDUSDT,2026-02-27,50,50,22,0.1835,0.16325,TP,-0.006426335989100818,3,103.12788744414163
REDUSDT,2026-04-24,45,50,15,0.1462,0.13522,TP,-0.009717705054719562,5,64.58489412448695
RLCUSDT,2025-08-27,50,50,7,1.0874,1.03529,TP,-0.001469377395622586,1,45.652270572006515
RVNUSDT,2026-03-17,50,50,36,0.00638,0.005831,TP,-0.006844005501567397,6,78.40615123824452
RVNUSDT,2026-04-25,50,50,11,0.00621,0.005985,TP,-0.0007673063768115942,2,34.66457768115948
SAFEUSDT,2025-07-05,50,50,11,0.4256,0.4329,TIME_EXIT,-0.023566469544172935,9,-41.518725183270746
SAFEUSDT,2025-07-14,50,50,30,0.5332,0.49207,TP,-0.0013728676162790697,3,74.9651668923481
SAFEUSDT,2025-08-13,38,50,4,0.467,0.45314,TP,0.00035139186295503214,7,29.230192719486165
SAFEUSDT,2025-09-12,50,50,4,0.4634,0.4629,TIME_EXIT,0.0004501186879585672,9,0.7291001294777741
SAFEUSDT,2025-11-28,50,50,51,0.1795,0.16483,TP,-0.0037022138272980497,2,77.22480567130914
SAFEUSDT,2025-12-29,34,46,3,0.1477,0.14032,TP,0.0001675001421800948,5,49.33364773865943
SAFEUSDT,2026-01-15,37,50,24,0.1907,0.16702999999999998,TP,-0.01845973962244363,6,104.86191743051927
SAFEUSDT,2026-01-18,50,50,27,0.2124,0.18639,TP,-0.007425097099811676,6,114.23253001883242
SAHARAUSDT,2026-01-29,50,50,17,0.02606,0.024845,TP,0.0,0,45.82317728319266
SAHARAUSDT,2026-02-25,50,50,7,0.01532,0.01496,TIME_EXIT,-0.00028252515013054834,8,22.416169366840794
SAHARAUSDT,2026-03-09,36,27,10,0.02331,0.02479,TIME_EXIT,-0.09149753912054912,34,-155.78960261261255
SIGNUSDT,2026-01-05,50,50,14,0.03988,0.03908,TIME_EXIT,-0.001066105117853561,9,18.19407542377137
SIGNUSDT,2026-02-28,50,50,26,0.03118,0.025024,TP,-0.002272609265554843,6,194.3616434605516
SKRUSDT,2026-03-01,50,50,19,0.022691,0.0218648,TP,-0.0019040789405491165,16,33.706832874708
SKRUSDT,2026-03-07,39,50,22,0.024779,0.0233615,TP,-0.00818060547600791,7,48.22509289761486
SKRUSDT,2026-05-13,50,50,4,0.017124,0.0165462,TP,0.00014771665498715253,3,33.0898329829479
SOMIUSDT,2026-01-03,50,50,4,0.2624,0.25493,TP,0.0,0,27.66798780487817
SOMIUSDT,2026-01-28,46,47,18,0.2674,0.302162,SL,-0.0023351164061331336,1,-133.13511640613297
SOMIUSDT,2026-02-04,36,39,14,0.211,0.20146,TP,-0.0005492315213270142,2,43.86403862085305
SOMIUSDT,2026-04-26,50,50,33,0.2113,0.18384999999999999,TP,-0.002194837387600568,2,126.9152430667298
SONICUSDT,2025-07-12,50,50,12,0.2322,0.22338,TP,-0.0012929650086132645,3,35.89153111541772
SONICUSDT,2025-11-22,44,50,11,0.0902,0.08642,TP,0.0,0,41.10687361419075
SONICUSDT,2026-02-09,50,50,11,0.04108,0.039928000000000005,TP,-0.0002783509639727361,2,26.964492268743754
SONICUSDT,2026-02-18,50,50,17,0.05225,0.046472,TP,-0.0008219433588516745,4,108.96178869856458
SONICUSDT,2026-03-17,50,50,6,0.0465,0.044997,TP,-0.006566699864516129,8,24.955880780645103
SONICUSDT,2026-05-10,50,50,9,0.04294,0.048522199999999995,SL,-0.013099232810898927,6,-143.8992328108988
SONICUSDT,2026-05-17,33,34,3,0.04085,0.039761000000000005,TP,-0.000590604993880049,3,25.26790173806592
SOPHUSDT,2026-01-04,50,50,8,0.014123,0.013196000000000001,TP,-0.0007518127033916308,6,64.08579970190463
SOPHUSDT,2026-02-28,31,50,8,0.009766,0.0090784,TP,-0.013012966004505428,1,56.59457034609871
STEEMUSDT,2025-12-18,50,50,12,0.06507,0.06270300000000001,TP,0.0,0,35.5762102351313
STEEMUSDT,2025-12-25,50,50,6,0.06776,0.06457399999999999,TP,-0.002145682815820543,4,44.07320738488796
STEEMUSDT,2026-01-27,50,50,3,0.06861,0.065946,TP,-0.00014918035563328959,2,37.87897880483893
STEEMUSDT,2026-02-18,50,50,11,0.06326,0.053036,TP,-0.024353965886816313,5,136.4647505216566
STEEMUSDT,2026-02-24,50,50,21,0.06171,0.05691,TIME_EXIT,-0.11702273390212284,33,-40.0395545146654
STEEMUSDT,2026-03-01,43,42,19,0.06277,0.05933,TIME_EXIT,-0.039556854631193246,34,14.446395328978893
STEEMUSDT,2026-03-08,50,50,13,0.05916,0.05959,TIME_EXIT,-0.022403885067613254,9,-30.472309678837053
STEEMUSDT,2026-03-14,47,50,11,0.06311,0.06159,TIME_EXIT,-0.017708227341150375,9,5.576703731579789
STEEMUSDT,2026-03-29,50,50,10,0.06009,0.057489,TP,-0.005054659785322017,1,37.43041260609085
STEEMUSDT,2026-05-23,50,50,10,0.0542,0.052022,TP,-0.00789345913284133,2,31.491042712177105
STORJUSDT,2026-02-16,50,50,22,0.1137,0.1056,TIME_EXIT,-0.014550778627968339,9,55.88932691292873
SUPERUSDT,2025-10-16,50,50,26,0.4691,0.43678999999999996,TP,-0.009850236955872947,11,58.22633520358146
SUPERUSDT,2025-11-22,50,50,58,0.2189,0.20432,TP,0.0,0,65.80575605299228
SUPERUSDT,2025-12-21,50,50,15,0.2374,0.22597,TP,-0.008991445421229993,9,38.355142615838226
SUPERUSDT,2026-01-25,50,50,8,0.2074,0.20056000000000002,TP,-0.004893473008678881,2,27.28627626808093
SUPERUSDT,2026-02-16,50,50,19,0.1345,0.1307,TIME_EXIT,-0.01570364345724907,9,11.74914464684013
SUPERUSDT,2026-03-26,50,50,17,0.1296,0.11592,TP,-0.033662828495370375,6,71.09272706018517
SUPERUSDT,2026-05-24,50,50,16,0.1307,0.1235,TIME_EXIT,-0.032687898454475894,9,21.600089303749133
TUSDT,2026-03-11,46,50,3,0.006885,0.006520499999999999,TP,-0.000541686332607117,1,51.59949013798116
TUSDT,2026-04-05,50,50,10,0.006388,0.0061396,TP,-0.004988053994990608,3,33.097356149029316
TUSDT,2026-05-23,37,50,5,0.005438,0.0052363999999999996,TP,5.000919455682237e-05,1,36.32246230231713
TAIKOUSDT,2025-07-18,50,50,10,0.5275,0.50077,TP,9.870142180094788e-05,2,49.97168720379132
TAIKOUSDT,2025-07-21,50,50,11,0.5449,0.5278,TP,0.0003013488713525417,6,30.883253808038177
TAIKOUSDT,2025-08-04,50,50,8,0.4445,0.4283,TP,-4.2643190101237355e-05,6,35.60280112935881
TAIKOUSDT,2025-08-08,50,50,3,0.4778,0.4916,TIME_EXIT,-0.0004715329028882376,9,-30.15391046672243
TAIKOUSDT,2025-08-17,50,50,5,0.4635,0.44847,TP,0.0002494066882416397,5,31.87659115426115
TAIKOUSDT,2025-08-27,41,50,4,0.4186,0.4206,TIME_EXIT,0.0003988891543239369,8,-5.178941710463321
TAIKOUSDT,2026-01-09,50,50,21,0.1904,0.18104,TP,0.0002446953781512605,5,48.604359243697516
TAIKOUSDT,2026-01-26,50,50,53,0.2551,0.18373,TP,-0.008727121019208153,5,270.2455171618973
TAIKOUSDT,2026-02-18,50,50,6,0.1311,0.12651,TP,-0.0016518063844393595,7,32.559635263157766
THETAUSDT,2026-04-04,50,50,10,0.1538,0.17379399999999998,SL,0.0,0,-130.7999999999999
TOSHIUSDT,2025-10-02,34,50,9,0.0007883,0.0008024,TIME_EXIT,0.00033347056704300396,9,-18.353120832170443
TOSHIUSDT,2025-12-07,50,50,8,0.00042,0.00040623000000000005,TP,-0.001254120838095238,1,30.731593447618977
TOSHIUSDT,2026-02-12,35,50,10,0.0002059,0.00023266699999999996,SL,-0.0024024085964060226,1,-133.2024085964059
TREEUSDT,2026-03-30,50,50,5,0.05915,0.057512,TP,0.00019656939983093828,4,27.08887709213864
VANAUSDT,2025-09-07,30,50,3,4.234,4.175,TIME_EXIT,-0.0002709678483703353,9,12.863845566839908
VANAUSDT,2025-10-27,50,50,14,3.292,2.7916000000000003,TP,-0.012088150853584447,5,139.11670941373012
VANAUSDT,2026-01-14,50,50,7,2.485,2.4103000000000003,TP,-0.0010054761609657947,6,28.25488601207225
VANAUSDT,2026-03-29,50,50,24,1.327,1.1983,TP,-0.008129432720422006,5,88.05624926902792
VTHOUSDT,2025-12-21,50,50,46,0.001059,0.0008975,TIME_EXIT,-0.03400533047308782,9,117.69703024457043
VTHOUSDT,2026-02-12,50,50,54,0.0006541,0.0006018,TIME_EXIT,-0.0072244465815624525,8,71.93274650817922
VTHOUSDT,2026-02-22,50,50,32,0.0006668,0.0005974099999999999,TP,-0.016245141988602278,6,87.01904517396538
VTHOUSDT,2026-05-30,50,50,14,0.000567,0.00064071,SL,-0.003885500148148148,1,-134.68550014814804
WUSDT,2025-06-26,50,50,6,0.0634,0.071642,SL,-0.003930579250788643,3,-134.73057925078862
WALUSDT,2025-09-02,50,50,21,0.4068,0.4248,TIME_EXIT,-0.00813650772615536,9,-53.18429533677487
WALUSDT,2026-01-09,50,50,33,0.1565,0.14219,TP,-0.008735779233226836,5,81.90192044728428
WALUSDT,2026-03-18,50,50,25,0.0877,0.082966,TP,-0.00044426420524515387,1,52.73521127936148
WAXPUSDT,2026-03-10,50,50,9,0.006409,0.006529,TIME_EXIT,-0.0008635889936027462,8,-20.387258832891295
WAXPUSDT,2026-03-20,50,50,16,0.007224,0.00816312,SL,-0.02779248004706534,2,-158.59248004706518
XTZUSDT,2026-05-30,50,50,3,0.3204,0.3292,TIME_EXIT,-0.0010320178464419474,9,-29.29768576154798
YGGUSDT,2026-01-22,50,20,5,0.06652,0.063667,TP,-0.000172355778713169,3,41.917000805772616
YGGUSDT,2026-02-21,50,50,27,0.05054,0.04485,TIME_EXIT,-0.032654906082311044,8,79.12918572615752
YGGUSDT,2026-03-15,50,50,12,0.042,0.039813,TP,-0.0023663479499999997,5,48.9050806214286
ZETAUSDT,2026-04-05,50,50,14,0.05443,0.049939,TP,-0.015605752673158186,3,66.10389274297266
ZETAUSDT,2026-04-17,50,50,13,0.06196,0.05559,TIME_EXIT,-0.03339397791639768,9,68.6142854793415
ZILUSDT,2026-01-12,50,50,17,0.00581,0.00574,TIME_EXIT,-0.00914411199655766,4,2.104080774526635
ZILUSDT,2026-03-18,50,50,6,0.00451,0.0043479999999999994,TP,-0.0017909546341463413,2,33.329222749445826
ZKUSDT,2026-02-01,50,50,197,0.02671,0.0301823,SL,-0.0042309048446274805,1,-135.03090484462737
ZKCUSDT,2026-01-03,45,50,10,0.1235,0.11854999999999999,TP,0.0,0,39.28097165991911
ZKPUSDT,2026-02-01,50,50,49,0.12047,0.088277,TP,-0.028129092229600732,19,238.2992633776044
ZORAUSDT,2025-11-13,50,50,67,0.06965,0.056546,TP,-0.02215530304809763,5,165.18540046949036
ZORAUSDT,2025-11-16,47,50,19,0.05681,0.052454,TP,-0.01403580350818518,3,61.84083792818164
ZORAUSDT,2025-12-20,50,50,13,0.04389,0.042432000000000004,TP,-0.0016546936750968329,1,30.76471849168362
ZORAUSDT,2026-02-01,50,50,41,0.0393,0.02531,TIME_EXIT,-0.03897701223155216,8,316.2026315343512
ZRXUSDT,2025-12-30,50,50,49,0.1613,0.1456,TIME_EXIT,-0.09773701123992562,30,-1.2028512895226884
